Title,Picture,Price,Rating,UPC,Tax,Availability
A Light in the Attic,https://books.toscrape.com//media/cache/fe/72/fe72f0532301ec28892ae79a629a293c.jpg,Â£51.77,3/5,a897fe39b1053632,Â£0.00,In stock (22 available)
Tipping the Velvet,https://books.toscrape.com//media/cache/08/e9/08e94f3731d7d6b760dfbfbc02ca5c62.jpg,Â£53.74,1/5,90fa61229261140a,Â£0.00,In stock (20 available)
Soumission,https://books.toscrape.com//media/cache/ee/cf/eecfe998905e455df12064dba399c075.jpg,Â£50.10,1/5,6957f44c3847a760,Â£0.00,In stock (20 available)
Sharp Objects,https://books.toscrape.com//media/cache/c0/59/c05972805aa7201171b8fc71a5b00292.jpg,Â£47.82,4/5,e00eb4fd7b871a48,Â£0.00,In stock (20 available)
Sapiens: A Brief History of Humankind,https://books.toscrape.com//media/cache/ce/5f/ce5f052c65cc963cf4422be096e915c9.jpg,Â£54.23,5/5,4165285e1663650f,Â£0.00,In stock (20 available)
The Requiem Red,https://books.toscrape.com//media/cache/6b/07/6b07b77236b7c80f42bd90bf325e69f6.jpg,Â£22.65,1/5,f77dbf2323deb740,Â£0.00,In stock (19 available)
The Dirty Little Secrets of Getting Your Dream Job,https://books.toscrape.com//media/cache/e1/1b/e11bea016d0ae1d7e2dd46fb3cb870b7.jpg,Â£33.34,4/5,2597b5a345f45e1b,Â£0.00,In stock (19 available)
"The Coming Woman: A Novel Based on the Life of the Infamous Feminist, Victoria Woodhull",https://books.toscrape.com//media/cache/97/36/9736132a43b8e6e3989932218ef309ed.jpg,Â£17.93,3/5,e72a5dfc7e9267b2,Â£0.00,In stock (19 available)
The Boys in the Boat: Nine Americans and Their Epic Quest for Gold at the 1936 Berlin Olympics,https://books.toscrape.com//media/cache/d1/2d/d12d26739b5369a6b5b3024e4d08f907.jpg,Â£22.60,4/5,e10e1e165dc8be4a,Â£0.00,In stock (19 available)
The Black Maria,https://books.toscrape.com//media/cache/d1/7a/d17a3e313e52e1be5651719e4fba1d16.jpg,Â£52.15,1/5,1dfe412b8ac00530,Â£0.00,In stock (19 available)
"Starving Hearts (Triangular Trade Trilogy, #1)",https://books.toscrape.com//media/cache/a0/7e/a07ed8f1c23f7b4baf7102722680bd30.jpg,Â£13.99,2/5,0312262ecafa5a40,Â£0.00,In stock (19 available)
Shakespeare's Sonnets,https://books.toscrape.com//media/cache/4d/7a/4d7a79a8be80a529b277ed5c4d8ba482.jpg,Â£20.66,4/5,30a7f60cd76ca58c,Â£0.00,In stock (19 available)
Set Me Free,https://books.toscrape.com//media/cache/b8/e9/b8e91bd2fc74c3954118999238abb4b8.jpg,Â£17.46,5/5,ce6396b0f23f6ecc,Â£0.00,In stock (19 available)
Scott Pilgrim's Precious Little Life (Scott Pilgrim #1),https://books.toscrape.com//media/cache/97/27/97275841c81e66d53bf9313cba06f23e.jpg,Â£52.29,5/5,3b1c02bac2a429e6,Â£0.00,In stock (19 available)
Rip it Up and Start Again,https://books.toscrape.com//media/cache/81/7f/817f5089c0e6e62738dce2931e7323d3.jpg,Â£35.02,5/5,a34ba96d4081e6a4,Â£0.00,In stock (19 available)
"Our Band Could Be Your Life: Scenes from the American Indie Underground, 1981-1991",https://books.toscrape.com//media/cache/ad/96/ad96e9c9f1664cbcb0e9627b007fb6f9.jpg,Â£57.25,3/5,deda3e61b9514b83,Â£0.00,In stock (19 available)
Olio,https://books.toscrape.com//media/cache/b1/0e/b10eabab1e1c811a6d47969904fd5755.jpg,Â£23.88,1/5,feb7cc7701ecf901,Â£0.00,In stock (19 available)
Mesaerion: The Best Science Fiction Stories 1800-1849,https://books.toscrape.com//media/cache/e8/1f/e81f850db9b9622c65619c9f15748de7.jpg,Â£37.59,1/5,e30f54cea9b38190,Â£0.00,In stock (19 available)
Libertarianism for Beginners,https://books.toscrape.com//media/cache/91/a4/91a46253e165d144ef5938f2d456b88f.jpg,Â£51.33,2/5,a18a4f574854aced,Â£0.00,In stock (19 available)
It's Only the Himalayas,https://books.toscrape.com//media/cache/6d/41/6d418a73cc7d4ecfd75ca11d854041db.jpg,Â£45.17,2/5,a22124811bfa8350,Â£0.00,In stock (19 available)
It's Only the Himalayas,https://books.toscrape.com//media/cache/6d/41/6d418a73cc7d4ecfd75ca11d854041db.jpg,Â£45.17,2/5,a22124811bfa8350,Â£0.00,In stock (19 available)
Full Moon over Noahâs Ark: An Odyssey to Mount Ararat and Beyond,https://books.toscrape.com//media/cache/fe/8a/fe8af6ceec7718986380c0fde9b3b34f.jpg,Â£49.43,4/5,ce60436f52c5ee68,Â£0.00,In stock (15 available)
See America: A Celebration of Our National Parks & Treasured Sites,https://books.toscrape.com//media/cache/c7/1a/c71a85dbf8c2dbc75cb271026618477c.jpg,Â£48.87,3/5,f9705c362f070608,Â£0.00,In stock (14 available)
Vagabonding: An Uncommon Guide to the Art of Long-Term World Travel,https://books.toscrape.com//media/cache/ca/30/ca30b1afe1e76ce7ba1db8176d398e53.jpg,Â£36.94,2/5,1809259a5a5f1d8d,Â£0.00,In stock (8 available)
Under the Tuscan Sun,https://books.toscrape.com//media/cache/45/21/4521c581ba727f5c835e34860cbf53e5.jpg,Â£37.33,3/5,a94350ee74deaa07,Â£0.00,In stock (7 available)
A Summer In Europe,https://books.toscrape.com//media/cache/6c/e3/6ce3003931701c7a3fd5354917538ea9.jpg,Â£44.34,2/5,cc1936a9f4e93477,Â£0.00,In stock (7 available)
The Great Railway Bazaar,https://books.toscrape.com//media/cache/d5/82/d582f6b0261c2842330e893962276295.jpg,Â£30.54,1/5,48736df57e7bec9f,Â£0.00,In stock (6 available)
A Year in Provence (Provence #1),https://books.toscrape.com//media/cache/8b/81/8b81cd9b2c8f89a12099a80bed1c4911.jpg,Â£56.88,4/5,9e60929f521fa280,Â£0.00,In stock (6 available)
The Road to Little Dribbling: Adventures of an American in Britain (Notes From a Small Island #2),https://books.toscrape.com//media/cache/26/f5/26f5d20239a45046e756c6d09611b3ea.jpg,Â£23.21,1/5,366a236aa1ea6f07,Â£0.00,In stock (3 available)
Neither Here nor There: Travels in Europe,https://books.toscrape.com//media/cache/c9/9a/c99a7a05537cd842eb4db83d537e3a4d.jpg,Â£38.95,3/5,747cf7fca2ccdbd4,Â£0.00,In stock (3 available)
"1,000 Places to See Before You Die",https://books.toscrape.com//media/cache/9e/10/9e106f81f65b293e488718a4f54a6a3f.jpg,Â£26.08,5/5,228ba5e7577e1d49,Â£0.00,In stock (1 available)
Sharp Objects,https://books.toscrape.com//media/cache/c0/59/c05972805aa7201171b8fc71a5b00292.jpg,Â£47.82,4/5,e00eb4fd7b871a48,Â£0.00,In stock (20 available)
"In a Dark, Dark Wood",https://books.toscrape.com//media/cache/95/84/95840dfd67c020067c99d70451147e20.jpg,Â£19.63,1/5,19ed25f4641d5efd,Â£0.00,In stock (18 available)
The Past Never Ends,https://books.toscrape.com//media/cache/9d/f2/9df248dcefeaba9eeb519a59b248f72c.jpg,Â£56.50,4/5,5ee94540d0749ea0,Â£0.00,In stock (16 available)
A Murder in Time,https://books.toscrape.com//media/cache/cc/bd/ccbd7a62caefd5a3a2e04dd7c2ff48fe.jpg,Â£16.64,1/5,f733e8c19d40ec2e,Â£0.00,In stock (16 available)
The Murder of Roger Ackroyd (Hercule Poirot #4),https://books.toscrape.com//media/cache/86/38/8638ba095b3b32e0abdef170e7bc4fd6.jpg,Â£44.10,4/5,c7b5183f4d1d4efe,Â£0.00,In stock (15 available)
The Last Mile (Amos Decker #2),https://books.toscrape.com//media/cache/e6/dc/e6dcc8f75214eb14edc1ce09c98f3d71.jpg,Â£54.21,2/5,3bc89353f7e3a3cc,Â£0.00,In stock (14 available)
That Darkness (Gardiner and Renner #1),https://books.toscrape.com//media/cache/23/b8/23b81994234ac127d701db1531a08e48.jpg,Â£13.92,1/5,0c7b9cf2b7662b65,Â£0.00,In stock (14 available)
Tastes Like Fear (DI Marnie Rome #3),https://books.toscrape.com//media/cache/74/9b/749bca168778cf35fdb2441a9d6b403f.jpg,Â£10.69,1/5,2d1e337aaf341858,Â£0.00,In stock (14 available)
A Time of Torment (Charlie Parker #14),https://books.toscrape.com//media/cache/f1/37/f137a410ed7d6fcfce17d081caf97915.jpg,Â£48.35,5/5,4416c474713ec1f5,Â£0.00,In stock (14 available)
A Study in Scarlet (Sherlock Holmes #1),https://books.toscrape.com//media/cache/27/40/274003f2720f82844873945b87af6c19.jpg,Â£16.73,2/5,63ee5bc46066a8a8,Â£0.00,In stock (14 available)
Poisonous (Max Revere Novels #3),https://books.toscrape.com//media/cache/8d/52/8d52227d29e03695ef755620078b7815.jpg,Â£26.80,3/5,abdd91e96515a617,Â£0.00,In stock (12 available)
Murder at the 42nd Street Library (Raymond Ambler #1),https://books.toscrape.com//media/cache/19/74/19748437aac103dbdeb1918062728726.jpg,Â£54.36,4/5,e7fe3bf2768602cf,Â£0.00,In stock (12 available)
Most Wanted,https://books.toscrape.com//media/cache/fa/b5/fab5e650b19b76c5f5d1ce3a626376b1.jpg,Â£35.28,3/5,c039f5aceb093537,Â£0.00,In stock (12 available)
Hide Away (Eve Duncan #20),https://books.toscrape.com//media/cache/b2/c5/b2c501b848bccd9cc375771f53c0fb6e.jpg,Â£11.84,1/5,bddc6fd036eb6279,Â£0.00,In stock (12 available)
Boar Island (Anna Pigeon #19),https://books.toscrape.com//media/cache/91/8c/918c2c95ae90495cdb0371a22b726d82.jpg,Â£59.48,3/5,49b24c6a41b82bd2,Â£0.00,In stock (12 available)
The Widow,https://books.toscrape.com//media/cache/e4/37/e43737572b04c7ad28b35f3da29eb8dd.jpg,Â£27.26,2/5,6159d8b187831770,Â£0.00,In stock (11 available)
Playing with Fire,https://books.toscrape.com//media/cache/09/02/0902666ade8ab8183363e53c108e5069.jpg,Â£13.71,3/5,05a61a3bd8ca4149,Â£0.00,In stock (11 available)
What Happened on Beale Street (Secrets of the South Mysteries #2),https://books.toscrape.com//media/cache/2c/68/2c6857eb1c10995c8b9e77a1804f68cd.jpg,Â£25.37,5/5,9735c969c652dd89,Â£0.00,In stock (7 available)
The Bachelor Girl's Guide to Murder (Herringford and Watts Mysteries #1),https://books.toscrape.com//media/cache/38/a4/38a44ac4f642f4717d865c81ec594529.jpg,Â£52.30,5/5,20789fb17b423c4c,Â£0.00,In stock (7 available)
Delivering the Truth (Quaker Midwife Mystery #1),https://books.toscrape.com//media/cache/5c/8a/5c8acde540a88aed464ab5c52bafcd83.jpg,Â£20.89,4/5,4e980425468708da,Â£0.00,In stock (7 available)
Tipping the Velvet,https://books.toscrape.com//media/cache/08/e9/08e94f3731d7d6b760dfbfbc02ca5c62.jpg,Â£53.74,1/5,90fa61229261140a,Â£0.00,In stock (20 available)
Forever and Forever: The Courtship of Henry Longfellow and Fanny Appleton,https://books.toscrape.com//media/cache/f9/9e/f99e760b894d10c6e5ed578618918367.jpg,Â£29.69,3/5,9beb96a2300109d7,Â£0.00,In stock (16 available)
A Flight of Arrows (The Pathfinders #2),https://books.toscrape.com//media/cache/ec/65/ec651ed66822d4b68938afa645b1ece2.jpg,Â£55.53,5/5,3a6fb983e2554023,Â£0.00,In stock (16 available)
The House by the Lake,https://books.toscrape.com//media/cache/46/a2/46a2c968bfccf1979cc5576085eec6dd.jpg,Â£36.95,1/5,9287e238d7c3b06e,Â£0.00,In stock (15 available)
Mrs. Houdini,https://books.toscrape.com//media/cache/b4/45/b445dbc81ca3aff1321a6bf0d0fa231d.jpg,Â£30.25,5/5,a40723994f715420,Â£0.00,In stock (15 available)
The Marriage of Opposites,https://books.toscrape.com//media/cache/33/8e/338e196723f3fb10d5c6990fe54be61d.jpg,Â£28.08,4/5,52cf2a5933ec5d8f,Â£0.00,In stock (14 available)
Glory over Everything: Beyond The Kitchen House,https://books.toscrape.com//media/cache/06/ac/06ac98df817412ce2419c4509fa98c80.jpg,Â£45.84,3/5,de4b403cb629a29f,Â£0.00,In stock (14 available)
"Love, Lies and Spies",https://books.toscrape.com//media/cache/5c/19/5c19785278eaa6bf984ce6659847abc3.jpg,Â£20.55,2/5,9546d537fbf99eb6,Â£0.00,In stock (12 available)
A Paris Apartment,https://books.toscrape.com//media/cache/b3/d9/b3d90aca157d5a250becc8b255a37251.jpg,Â£39.01,4/5,63343e287971bb0c,Â£0.00,In stock (12 available)
Lilac Girls,https://books.toscrape.com//media/cache/c0/80/c080a1626edf581b780420db13e7b074.jpg,Â£17.28,2/5,bade9943ee01b63f,Â£0.00,In stock (11 available)
The Constant Princess (The Tudor Court #1),https://books.toscrape.com//media/cache/ed/52/ed52651826bb23d853aead2753c9befc.jpg,Â£16.62,3/5,24933c712f0bca2f,Â£0.00,In stock (7 available)
The Invention of Wings,https://books.toscrape.com//media/cache/7a/b0/7ab00e6956f540bfe0018656d5bfe1e4.jpg,Â£37.34,1/5,e6635f5b0a2c78db,Â£0.00,In stock (6 available)
World Without End (The Pillars of the Earth #2),https://books.toscrape.com//media/cache/58/b5/58b5730dd82cbcf6560cf0ab8b56cd9f.jpg,Â£32.97,4/5,2e5b4ff08a75fd02,Â£0.00,In stock (5 available)
The Passion of Dolssa,https://books.toscrape.com//media/cache/b3/59/b35975c0df26c40964028a8ccabc9a91.jpg,Â£28.32,5/5,011674f4a3834b8d,Â£0.00,In stock (4 available)
Girl With a Pearl Earring,https://books.toscrape.com//media/cache/b1/5e/b15ec9da5c7b28e2d11347dd2e8c20e5.jpg,Â£26.77,1/5,5eff05e59f905a49,Â£0.00,In stock (4 available)
Voyager (Outlander #3),https://books.toscrape.com//media/cache/6e/22/6e22497cbecedef59be86d1328e4b044.jpg,Â£21.07,5/5,7feac4000cbc5859,Â£0.00,In stock (3 available)
The Red Tent,https://books.toscrape.com//media/cache/15/59/155942710c3ae4bd4ed622df9a999b99.jpg,Â£35.66,5/5,3c456328b04a8ee8,Â£0.00,In stock (3 available)
The Last Painting of Sara de Vos,https://books.toscrape.com//media/cache/1c/e4/1ce4c2573d65ebdc3c85d9a6592d57b1.jpg,Â£55.55,2/5,476c7972e9b41891,Â£0.00,In stock (3 available)
The Guernsey Literary and Potato Peel Pie Society,https://books.toscrape.com//media/cache/98/e3/98e3925e5e6a66acf2cde918fc147205.jpg,Â£49.53,1/5,4a0a276409968a73,Â£0.00,In stock (3 available)
Girl in the Blue Coat,https://books.toscrape.com//media/cache/15/ea/15eaabd188af8916c4a37d135f7b8952.jpg,Â£46.83,2/5,41fc5dce044f16f5,Â£0.00,In stock (3 available)
Scott Pilgrim's Precious Little Life (Scott Pilgrim #1),https://books.toscrape.com//media/cache/97/27/97275841c81e66d53bf9313cba06f23e.jpg,Â£52.29,5/5,3b1c02bac2a429e6,Â£0.00,In stock (19 available)
Tsubasa: WoRLD CHRoNiCLE 2 (Tsubasa WoRLD CHRoNiCLE #2),https://books.toscrape.com//media/cache/8b/ab/8bab133ec9f8248a8d5f5ea5c09d0f56.jpg,Â£16.28,1/5,09555be379ad9253,Â£0.00,In stock (16 available)
This One Summer,https://books.toscrape.com//media/cache/ee/43/ee4364a59d66bafb1b3264419ab3ed9e.jpg,Â£19.49,4/5,51653ef291ab7ddc,Â£0.00,In stock (16 available)
The Nameless City (The Nameless City #1),https://books.toscrape.com//media/cache/19/de/19deee0778c2406da04a4dd0ea09188f.jpg,Â£38.16,4/5,7d385d34d12e60ff,Â£0.00,In stock (16 available)
"Saga, Volume 5 (Saga (Collected Editions) #5)",https://books.toscrape.com//media/cache/60/3c/603c8f3dd299efe67616a53e5bfb1d03.jpg,Â£51.04,2/5,53a3d11bb568cc8b,Â£0.00,In stock (16 available)
"Rat Queens, Vol. 3: Demons (Rat Queens (Collected Editions) #11-15)",https://books.toscrape.com//media/cache/d5/d0/d5d015a9cf899301cce5d1a629bdd974.jpg,Â£50.40,3/5,c82a3e358c773c73,Â£0.00,In stock (16 available)
"Princess Jellyfish 2-in-1 Omnibus, Vol. 01 (Princess Jellyfish 2-in-1 Omnibus #1)",https://books.toscrape.com//media/cache/6c/8f/6c8ffe949fb650ba60eff25be1692881.jpg,Â£13.61,5/5,0fa6dceead7ce47a,Â£0.00,In stock (16 available)
"Pop Gun War, Volume 1: Gift",https://books.toscrape.com//media/cache/6f/7b/6f7b3b8445b943f4ff7426360daefb88.jpg,Â£18.97,1/5,e80f8e518b300dfe,Â£0.00,In stock (16 available)
Patience,https://books.toscrape.com//media/cache/71/0c/710cdaa148f10aac35c27bb93b4f532e.jpg,Â£10.16,3/5,9429b4d59c537af5,Â£0.00,In stock (16 available)
"Outcast, Vol. 1: A Darkness Surrounds Him (Outcast #1)",https://books.toscrape.com//media/cache/0c/8a/0c8ae80b592bc1b4c555d6b29d1cfa28.jpg,Â£15.44,4/5,889139b8e9c4cb36,Â£0.00,In stock (16 available)
orange: The Complete Collection 1 (orange: The Complete Collection #1),https://books.toscrape.com//media/cache/33/0b/330bf57e3f2e70548f87d39cb956f7eb.jpg,Â£48.41,1/5,11809b1d323b3057,Â£0.00,In stock (16 available)
"Lumberjanes, Vol. 2: Friendship to the Max (Lumberjanes #5-8)",https://books.toscrape.com//media/cache/67/f8/67f83a06f77d0ff3b06cb8ac04839422.jpg,Â£46.91,2/5,460089f796fb3f82,Â£0.00,In stock (16 available)
"Lumberjanes, Vol. 1: Beware the Kitten Holy (Lumberjanes #1-4)",https://books.toscrape.com//media/cache/1c/78/1c78cb31ededc4c662857cf65bd1619d.jpg,Â£45.61,3/5,b6ee99bcf06fc91f,Â£0.00,In stock (16 available)
Lumberjanes Vol. 3: A Terrible Plan (Lumberjanes #9-12),https://books.toscrape.com//media/cache/d6/9b/d69b7020c4210e12882ffca0428919a2.jpg,Â£19.92,2/5,57e5a4d515c8ce44,Â£0.00,In stock (16 available)
"I Hate Fairyland, Vol. 1: Madly Ever After (I Hate Fairyland (Compilations) #1-5)",https://books.toscrape.com//media/cache/58/e2/58e2097169e92a95d973da420ce7cc98.jpg,Â£29.17,2/5,8d4eefad7a2b3915,Â£0.00,In stock (16 available)
I am a Hero Omnibus Volume 1,https://books.toscrape.com//media/cache/f7/4d/f74db5141becf01083abc03c078f4922.jpg,Â£54.63,3/5,1c89ae5bb804e4de,Â£0.00,In stock (16 available)
"Giant Days, Vol. 2 (Giant Days #5-8)",https://books.toscrape.com//media/cache/d0/6f/d06ff4e3b9daf93b18bb21f1af19b5eb.jpg,Â£22.11,2/5,f2df3bb043a8abb0,Â£0.00,In stock (16 available)
Danganronpa Volume 1,https://books.toscrape.com//media/cache/ce/39/ce3942d9a10b6a17805136ace7c140fa.jpg,Â£51.99,4/5,09b6cc87e62c2c58,Â£0.00,In stock (16 available)
"Codename Baboushka, Volume 1: The Conclave of Death",https://books.toscrape.com//media/cache/ed/a5/eda54d1bfcdd39488013f7aae1eaf659.jpg,Â£36.72,4/5,8754c83ab2a7ae71,Â£0.00,In stock (16 available)
Camp Midnight,https://books.toscrape.com//media/cache/7a/67/7a671ecf69cdcd2ea9ebe85da1b5585f.jpg,Â£17.08,4/5,7b599c8bfcdd8d30,Â£0.00,In stock (16 available)
The Secret Garden,https://books.toscrape.com//media/cache/f1/78/f17805e88aed31aae352ab250b2a379d.jpg,Â£15.08,4/5,abbb492978ff656d,Â£0.00,In stock (5 available)
The Metamorphosis,https://books.toscrape.com//media/cache/9b/33/9b33c3c40c8d27054a3edf96cbf6a2fb.jpg,Â£28.58,1/5,93379e3a2072a01b,Â£0.00,In stock (5 available)
The Pilgrim's Progress,https://books.toscrape.com//media/cache/91/2a/912acfe6ee354d9d9bf3c1fa517c4252.jpg,Â£50.26,2/5,6053ddf69c967d5f,Â£0.00,In stock (4 available)
The Hound of the Baskervilles (Sherlock Holmes #5),https://books.toscrape.com//media/cache/9d/fe/9dfe2a73c6a1a1c09927c904de641ebf.jpg,Â£14.82,2/5,6587f46697fc4443,Â£0.00,In stock (4 available)
Little Women (Little Women #1),https://books.toscrape.com//media/cache/55/a9/55a942b0c092c40bdbb6a1f1be340984.jpg,Â£28.07,4/5,deda806b68b0aa11,Â£0.00,In stock (4 available)
Gone with the Wind,https://books.toscrape.com//media/cache/ac/ee/acee20cff19be38cc3efc5e9b50afae4.jpg,Â£32.49,3/5,23310ce84d3c9f85,Â£0.00,In stock (4 available)
Candide,https://books.toscrape.com//media/cache/e7/7d/e77d917c495e649216225bd47e006482.jpg,Â£58.63,3/5,2798974abc8a58a8,Â£0.00,In stock (4 available)
Animal Farm,https://books.toscrape.com//media/cache/73/b9/73b9d68a89e6d037f1afdc70f96bad09.jpg,Â£57.22,3/5,1451b55e5e56bb89,Â£0.00,In stock (4 available)
Wuthering Heights,https://books.toscrape.com//media/cache/d8/64/d8644073d00c000cb60643256080cc4b.jpg,Â£17.73,3/5,5a7ff9aaa3168878,Â£0.00,In stock (3 available)
The Picture of Dorian Gray,https://books.toscrape.com//media/cache/67/29/67297ff3ae6cb02884c52e5250fe7c1a.jpg,Â£29.70,2/5,b9f6305a3d650e2c,Â£0.00,In stock (3 available)
The Complete Stories and Poems (The Works of Edgar Allan Poe [Cameo Edition]),https://books.toscrape.com//media/cache/55/2d/552d55d44dcc0f27e98b3e7dc3959e1a.jpg,Â£26.78,4/5,cad70d6ffd53912f,Â£0.00,In stock (3 available)
Beowulf,https://books.toscrape.com//media/cache/3d/8c/3d8cd7a42d3e57cb10e02f9ab76bd549.jpg,Â£38.35,2/5,3fb69f34e178d494,Â£0.00,In stock (3 available)
And Then There Were None,https://books.toscrape.com//media/cache/6f/b0/6fb0c3064656f888125ab577b6a01867.jpg,Â£35.01,2/5,cfe350b20d23b02b,Â£0.00,In stock (3 available)
The Story of Hong Gildong,https://books.toscrape.com//media/cache/b5/5b/b55be7e5c18b62cef6ebeae404f7f643.jpg,Â£43.19,4/5,32d035df92ab9080,Â£0.00,In stock (1 available)
The Little Prince,https://books.toscrape.com//media/cache/c0/d6/c0d67625e62981155f5e1f553bda1a94.jpg,Â£45.42,2/5,1aeca7d078d57deb,Â£0.00,In stock (1 available)
Sense and Sensibility,https://books.toscrape.com//media/cache/a8/57/a857deea83c7d4c66e2920e1cf5d8fe0.jpg,Â£37.46,1/5,35e44170702139a4,Â£0.00,In stock (1 available)
Of Mice and Men,https://books.toscrape.com//media/cache/a0/bb/a0bb0881c8ee6f5866804cf0a437853f.jpg,Â£47.11,2/5,39592d9d72e717c4,Â£0.00,In stock (1 available)
Emma,https://books.toscrape.com//media/cache/ae/98/ae98d08a6f427491dd8eda6b51af41fe.jpg,Â£32.93,2/5,2e69730561ed70ad,Â£0.00,In stock (1 available)
Alice in Wonderland (Alice's Adventures in Wonderland #1),https://books.toscrape.com//media/cache/99/df/99df494c230127c3d5ff53153d1f23a3.jpg,Â£55.53,1/5,cd2a2a70dd5d176d,Â£0.00,In stock (1 available)
Sophie's World,https://books.toscrape.com//media/cache/d7/39/d73914232130fdf90d66f02fd9798f2b.jpg,Â£15.94,5/5,6be3beb0793a53e7,Â£0.00,In stock (18 available)
The Death of Humanity: and the Case for Life,https://books.toscrape.com//media/cache/3f/f6/3ff6fe5d0c5ca7ab2ed8b5971e299caa.jpg,Â£58.11,4/5,bd261725b99f5983,Â£0.00,In stock (16 available)
The Stranger,https://books.toscrape.com//media/cache/c8/1a/c81aea97de1daaa0081d96f8564c204c.jpg,Â£17.44,4/5,f5a92cff83897d48,Â£0.00,In stock (15 available)
Proofs of God: Classical Arguments from Tertullian to Barth,https://books.toscrape.com//media/cache/f6/cb/f6cb2300a1235a344f1c11b2be9a605d.jpg,Â£54.21,1/5,d56d0710668bb39c,Â£0.00,In stock (8 available)
Kierkegaard: A Christian Missionary to Christians,https://books.toscrape.com//media/cache/bf/90/bf90ad2c3cab628096db8fca010797b4.jpg,Â£47.13,1/5,0cf57cb49272fd37,Â£0.00,In stock (8 available)
"At The Existentialist CafÃ©: Freedom, Being, and apricot cocktails with: Jean-Paul Sartre, Simone de Beauvoir, Albert Camus, Martin Heidegger, Edmund Husserl, Karl Jaspers, Maurice Merleau-Ponty and others",https://books.toscrape.com//media/cache/ce/da/ceda6d577d0609261f997bd99872013b.jpg,Â£29.93,5/5,6b52904b2ab91bf6,Â£0.00,In stock (7 available)
Critique of Pure Reason,https://books.toscrape.com//media/cache/3b/28/3b28ec3663a81d36272a08e5a49644f2.jpg,Â£20.75,1/5,429b4a811bef386c,Â£0.00,In stock (5 available)
"Run, Spot, Run: The Ethics of Keeping Pets",https://books.toscrape.com//media/cache/8c/bf/8cbf4667b5798cb8195f1e126ddd6a5c.jpg,Â£20.02,1/5,b0e479be03911916,Â£0.00,In stock (2 available)
The Nicomachean Ethics,https://books.toscrape.com//media/cache/16/f4/16f4518319f7dcadc23d020279f78545.jpg,Â£36.34,1/5,5c10b64db3e4f228,Â£0.00,In stock (1 available)
Meditations,https://books.toscrape.com//media/cache/90/f7/90f79652caecac36bc97bf7b769c8fc4.jpg,Â£25.89,2/5,4f19709e47883df5,Â£0.00,In stock (1 available)
Beyond Good and Evil,https://books.toscrape.com//media/cache/d1/7f/d17f326e3fcaf84c37d6d51e3470bcc6.jpg,Â£43.38,1/5,08672cd59171d5e4,Â£0.00,In stock (1 available)
Chase Me (Paris Nights #2),https://books.toscrape.com//media/cache/6c/84/6c84fcf7a53b02b6e763de7272934842.jpg,Â£25.27,5/5,c2e46a2ee3b4a322,Â£0.00,In stock (19 available)
Black Dust,https://books.toscrape.com//media/cache/a4/0a/a40af95beab828af1a4757ad1ee17da3.jpg,Â£34.53,5/5,00bfed9e18bb36f3,Â£0.00,In stock (19 available)
Her Backup Boyfriend (The Sorensen Family #1),https://books.toscrape.com//media/cache/41/ee/41ee38c1d15f0139a3fb17b730dc4347.jpg,Â£33.97,1/5,2a97cffe61c3c4c7,Â£0.00,In stock (16 available)
First and First (Five Boroughs #3),https://books.toscrape.com//media/cache/01/a5/01a5285b17e7ec0e7e56294a8f8af28d.jpg,Â£15.97,4/5,9e28048cea8d41f7,Â£0.00,In stock (16 available)
Fifty Shades Darker (Fifty Shades #2),https://books.toscrape.com//media/cache/51/86/51862681bebec59be61f36f937c71fce.jpg,Â£21.96,1/5,7add3f8e49ec0826,Â£0.00,In stock (16 available)
The Wedding Dress,https://books.toscrape.com//media/cache/29/3b/293bd9cd6fe1f8c82d1688aefe6cc5f7.jpg,Â£24.12,1/5,623e1a180426039b,Â£0.00,In stock (15 available)
Suddenly in Love (Lake Haven #1),https://books.toscrape.com//media/cache/58/bb/58bb81b052b6ad90adcd57e95da99a50.jpg,Â£55.99,2/5,203b7f94b7d6115f,Â£0.00,In stock (15 available)
Something More Than This,https://books.toscrape.com//media/cache/b8/f9/b8f9e0169c3811f9ed145c3824208de6.jpg,Â£16.24,4/5,ca71e72655bece85,Â£0.00,In stock (15 available)
Doing It Over (Most Likely To #1),https://books.toscrape.com//media/cache/4b/91/4b91460323973e9e140626d00474d74c.jpg,Â£35.61,3/5,3a11bb962ff45b78,Â£0.00,In stock (15 available)
The Wedding Pact (The O'Malleys #2),https://books.toscrape.com//media/cache/21/53/21539e305aa09ec40b36daa43db3f2fe.jpg,Â£32.61,3/5,c5cb9f885d8b3621,Â£0.00,In stock (14 available)
Hold Your Breath (Search and Rescue #1),https://books.toscrape.com//media/cache/3d/4d/3d4d8e92429144f6c807adc4b15b7f80.jpg,Â£28.82,1/5,0b165bd4b9f42fd5,Â£0.00,In stock (14 available)
Dirty (Dive Bar #1),https://books.toscrape.com//media/cache/77/54/77540d564fb77611a18b57f12a910b73.jpg,Â£40.83,4/5,df7e628bad5782b4,Â£0.00,In stock (12 available)
Take Me Home Tonight (Rock Star Romance #3),https://books.toscrape.com//media/cache/33/72/337240d247fdf020755566e4477e17ca.jpg,Â£53.98,3/5,cf62fa272b5f0fa3,Â£0.00,In stock (11 available)
Off the Hook (Fishing for Trouble #1),https://books.toscrape.com//media/cache/bc/21/bc214639946c501cd70ff6b752439c76.jpg,Â£47.67,3/5,b783ce08802cd1d1,Â£0.00,In stock (11 available)
A Gentleman's Position (Society of Gentlemen #3),https://books.toscrape.com//media/cache/82/aa/82aa7770711dfc5edc1f5f69a731d08b.jpg,Â£14.75,5/5,40c4bf520c17de54,Â£0.00,In stock (11 available)
"Sit, Stay, Love",https://books.toscrape.com//media/cache/48/2c/482c14200688df579ab2ed0fcbddcb86.jpg,Â£20.90,3/5,bd087cf6a846db75,Â£0.00,In stock (7 available)
A Girl's Guide to Moving On (New Beginnings #2),https://books.toscrape.com//media/cache/17/94/17940ad8d367ea5f28db57e7fc32dac9.jpg,Â£31.30,1/5,cf3b86489890b9f2,Â£0.00,In stock (5 available)
The Perfect Play (Play by Play #1),https://books.toscrape.com//media/cache/b0/be/b0be8b72b97ba3185f7d55235d0be76f.jpg,Â£59.99,3/5,9cc207168a03470d,Â£0.00,In stock (4 available)
Dark Lover (Black Dagger Brotherhood #1),https://books.toscrape.com//media/cache/d8/bd/d8bdea8d4e7db9af8e0cb1b36db448d2.jpg,Â£12.87,1/5,2b69d289279aabfd,Â£0.00,In stock (4 available)
Changing the Game (Play by Play #2),https://books.toscrape.com//media/cache/7a/6a/7a6a89af2f591d86df6f7c65649463db.jpg,Â£13.38,3/5,aaebac5fda798b1b,Â£0.00,In stock (4 available)
I Had a Nice Time And Other Lies...: How to find love & sh*t like that,https://books.toscrape.com//media/cache/60/e9/60e9df360fec611b15a1bbb4c28aad22.jpg,Â£57.36,4/5,fd8585283fc7d2d7,Â£0.00,In stock (15 available)
Will You Won't You Want Me?,https://books.toscrape.com//media/cache/b9/ef/b9efe934eaeb1f51ad31a971188d7bc3.jpg,Â£13.86,3/5,077b635ff2afc578,Â£0.00,In stock (12 available)
Keep Me Posted,https://books.toscrape.com//media/cache/9c/84/9c845ad6a9d4ecf44d53ac0e3b8f54ae.jpg,Â£20.46,4/5,20dc4f1ac5d4fd9c,Â£0.00,In stock (11 available)
Grey (Fifty Shades #4),https://books.toscrape.com//media/cache/c8/06/c806501c08d2b2cd72f2362a3da6ab80.jpg,Â£48.49,4/5,b5953ca1f8a0b8d7,Â£0.00,In stock (11 available)
Meternity,https://books.toscrape.com//media/cache/e3/33/e33394096291284ed1f80c5b13c4e1f3.jpg,Â£43.58,3/5,725cd8d23d78cdca,Â£0.00,In stock (7 available)
Some Women,https://books.toscrape.com//media/cache/2f/71/2f710e4c53d98e47b73e4d34702a6751.jpg,Â£13.73,5/5,31f5bbf4974d29c9,Â£0.00,In stock (4 available)
Shopaholic Ties the Knot (Shopaholic #3),https://books.toscrape.com//media/cache/d0/f8/d0f8f438caa5e7adc1c727da4f06ca64.jpg,Â£48.39,5/5,38199c5d7da0c0ef,Â£0.00,In stock (4 available)
Can You Keep a Secret?,https://books.toscrape.com//media/cache/e1/24/e124fe015a3ffa6857eb35c39e89cd61.jpg,Â£21.94,1/5,0812f54c93d726ce,Â£0.00,In stock (4 available)
Twenties Girl,https://books.toscrape.com//media/cache/49/ec/49ec020f1dfa44313313495b809f74f1.jpg,Â£42.80,2/5,8ebad30219b8679c,Â£0.00,In stock (3 available)
The Undomestic Goddess,https://books.toscrape.com//media/cache/e3/e9/e3e95f631eb64252324768ce795b50d7.jpg,Â£45.75,4/5,813cff2aefa5d1f0,Â£0.00,In stock (3 available)
The Nanny Diaries (Nanny #1),https://books.toscrape.com//media/cache/e3/4e/e34e69942bf1327c602ef9754d02a022.jpg,Â£52.53,5/5,6263c1d2997b8ce0,Â£0.00,In stock (3 available)
The Devil Wears Prada (The Devil Wears Prada #1),https://books.toscrape.com//media/cache/21/ac/21acb843702d1448519cc8bf0d5da728.jpg,Â£44.29,1/5,a6ab0cb7106a67f2,Â£0.00,In stock (3 available)
Something Borrowed (Darcy & Rachel #1),https://books.toscrape.com//media/cache/82/ed/82ed95c8c6c3ee6171fe3b55d766a9ec.jpg,Â£48.96,5/5,ac27ab4bcd9c492e,Â£0.00,In stock (3 available)
Something Blue (Darcy & Rachel #2),https://books.toscrape.com//media/cache/29/26/2926c885f673e84d7fc46240b1f77eb2.jpg,Â£54.62,1/5,3fc9d51d1c4d6ba7,Â£0.00,In stock (3 available)
I've Got Your Number,https://books.toscrape.com//media/cache/3d/40/3d407a69fe55223fb4cfec577a9a8ee2.jpg,Â£19.69,1/5,6b32b561dab8036c,Â£0.00,In stock (3 available)
The Edge of Reason (Bridget Jones #2),https://books.toscrape.com//media/cache/a1/4f/a14f3bc2743e3956cb10fddaaf62a1f9.jpg,Â£19.18,4/5,29fc016c459aeb14,Â£0.00,In stock (1 available)
Bridget Jones's Diary (Bridget Jones #1),https://books.toscrape.com//media/cache/67/2f/672f2e3753cfc59c5843d23c88784326.jpg,Â£29.82,1/5,a2b4b685dfa94733,Â£0.00,In stock (1 available)
Soumission,https://books.toscrape.com//media/cache/ee/cf/eecfe998905e455df12064dba399c075.jpg,Â£50.10,1/5,6957f44c3847a760,Â£0.00,In stock (20 available)
Private Paris (Private #10),https://books.toscrape.com//media/cache/05/87/0587ab519222a61f803fa4570c325ad2.jpg,Â£47.61,5/5,b12b89017878a60d,Â£0.00,In stock (17 available)
"We Love You, Charlie Freeman",https://books.toscrape.com//media/cache/87/a2/87a2fddd7f6b240c0351e1eb950b6716.jpg,Â£50.27,5/5,8d455c7539795d2a,Â£0.00,In stock (16 available)
Thirst,https://books.toscrape.com//media/cache/8c/54/8c54a50576c204b80165a13545f73028.jpg,Â£17.27,5/5,709822d0b5bcb7f4,Â£0.00,In stock (16 available)
The Murder That Never Was (Forensic Instincts #5),https://books.toscrape.com//media/cache/29/e0/29e036acd8a6e3daa787ce2bc05bdbbb.jpg,Â£54.11,3/5,d01ac97e2b8947c2,Â£0.00,In stock (16 available)
Tuesday Nights in 1980,https://books.toscrape.com//media/cache/a3/ad/a3ade5edecde67449329c1ebb016c049.jpg,Â£21.04,2/5,b8736690cf263a3c,Â£0.00,In stock (15 available)
The Vacationers,https://books.toscrape.com//media/cache/34/c9/34c988a76c3cd7c04566d3030d8e7331.jpg,Â£42.15,4/5,fd3a622648667296,Â£0.00,In stock (15 available)
The Regional Office Is Under Attack!,https://books.toscrape.com//media/cache/d4/73/d473f01f077b91ce04e345305a3fa217.jpg,Â£51.36,5/5,0651062381f0636a,Â£0.00,In stock (15 available)
Finders Keepers (Bill Hodges Trilogy #2),https://books.toscrape.com//media/cache/76/80/76804e1881b630a110794fef5aad02cf.jpg,Â£53.53,5/5,edb3097e71330040,Â£0.00,In stock (15 available)
The Time Keeper,https://books.toscrape.com//media/cache/37/d1/37d108ff5b19028a52ddd73dba35d543.jpg,Â£27.88,5/5,e9906e2f0d189745,Â£0.00,In stock (14 available)
The Testament of Mary,https://books.toscrape.com//media/cache/06/a6/06a62270c0700ae3c537cf394cf145ee.jpg,Â£52.67,4/5,081305e6df719dff,Â£0.00,In stock (14 available)
The First Hostage (J.B. Collins #2),https://books.toscrape.com//media/cache/81/3e/813e1d11126330de52d9368e78d116cc.jpg,Â£25.85,3/5,a86972014275e072,Â£0.00,In stock (14 available)
Take Me with You,https://books.toscrape.com//media/cache/bd/ad/bdad8933d15df7d7c6f3a16a9315048b.jpg,Â£45.21,3/5,2c04320e110a14a3,Â£0.00,In stock (14 available)
Still Life with Bread Crumbs,https://books.toscrape.com//media/cache/a3/eb/a3ebe1ca5df0d3ff3e3d2b8fb8b2a551.jpg,Â£26.41,3/5,fe44cc816576c652,Â£0.00,In stock (14 available)
Shtum,https://books.toscrape.com//media/cache/63/62/63623a0b014b1f26e49aa61786e6e708.jpg,Â£55.84,4/5,830fb3967c74866d,Â£0.00,In stock (14 available)
My Name Is Lucy Barton,https://books.toscrape.com//media/cache/28/db/28db43984c765a1d02fd3495f5c52eb6.jpg,Â£41.56,1/5,727bf2b86b19ad88,Â£0.00,In stock (14 available)
My Mrs. Brown,https://books.toscrape.com//media/cache/2d/a3/2da3464fa2010bebedfba9eca77e42be.jpg,Â£24.48,3/5,cc82685d9f49bc2c,Â£0.00,In stock (14 available)
Mr. Mercedes (Bill Hodges Trilogy #1),https://books.toscrape.com//media/cache/65/7f/657f9a3b7c0579c7fa499dddddd59422.jpg,Â£28.90,1/5,caa2e5b3fb1b2d4c,Â£0.00,In stock (14 available)
I Am Pilgrim (Pilgrim #1),https://books.toscrape.com//media/cache/8d/a3/8da36f821f35b795a3a420c84ca9737e.jpg,Â£10.60,4/5,aeff7b87a8e83ebb,Â£0.00,In stock (14 available)
Eligible (The Austen Project #4),https://books.toscrape.com//media/cache/0a/9a/0a9a0b211bee87b544bd97a8320a0b73.jpg,Â£27.09,3/5,9eaf58b03a2779cc,Â£0.00,In stock (14 available)
Birdsong: A Story in Pictures,https://books.toscrape.com//media/cache/af/2f/af2fe2419ea136f2cd567aa92082c3ae.jpg,Â£54.64,3/5,9528d0948525bf5f,Â£0.00,In stock (19 available)
The Bear and the Piano,https://books.toscrape.com//media/cache/d0/87/d0876dcd1a6530a4cb54903aad7a3e28.jpg,Â£36.89,1/5,9f6568e9c95f60b0,Â£0.00,In stock (18 available)
The Secret of Dreadwillow Carse,https://books.toscrape.com//media/cache/7b/fd/7bfde4a3d6793f13e9a2d8851a398847.jpg,Â£56.13,1/5,b5ea0b5dabed25a8,Â£0.00,In stock (16 available)
The White Cat and the Monk: A Retelling of the Poem âPangur BÃ¡nâ,https://books.toscrape.com//media/cache/49/0e/490e049133ee9f398e6a70f25c12e308.jpg,Â£58.08,4/5,37c0cb19713d8dda,Â£0.00,In stock (15 available)
Little Red,https://books.toscrape.com//media/cache/63/6b/636b836f5c3d67b9cda1948f5ca08694.jpg,Â£13.47,3/5,4aa03792b50f0b22,Â£0.00,In stock (15 available)
Walt Disney's Alice in Wonderland,https://books.toscrape.com//media/cache/0f/65/0f65a1f2a3705c67b3d2a787ab3e8b99.jpg,Â£12.96,5/5,6a31307a81e8f3a8,Â£0.00,In stock (14 available)
Twenty Yawns,https://books.toscrape.com//media/cache/40/d7/40d7f9433c2f23370659c925a45fdcad.jpg,Â£22.08,2/5,1d6443ffba9dfd80,Â£0.00,In stock (14 available)
Rain Fish,https://books.toscrape.com//media/cache/ea/1f/ea1f22fa3179f3f84fbadd24fe89a1fd.jpg,Â£23.57,3/5,a6454e329f872b78,Â£0.00,In stock (14 available)
Once Was a Time,https://books.toscrape.com//media/cache/e6/5e/e65e45701ce6d2da8c5cf31d6208ff02.jpg,Â£18.28,2/5,e34efcc824685332,Â£0.00,In stock (14 available)
Luis Paints the World,https://books.toscrape.com//media/cache/34/1e/341e9af2106811a4ca8e56ce92762580.jpg,Â£53.95,3/5,5b43cae640f2338a,Â£0.00,In stock (14 available)
Nap-a-Roo,https://books.toscrape.com//media/cache/b9/43/b9437eda691f483d2174a1b94c8c9d06.jpg,Â£25.08,1/5,913e7109cec0cb4c,Â£0.00,In stock (9 available)
The Whale,https://books.toscrape.com//media/cache/6c/df/6cdf7a3ee6cfd5ecbcfd37bd7a5c42e3.jpg,Â£35.96,4/5,0ff9d10864db8364,Â£0.00,In stock (7 available)
"Shrunken Treasures: Literary Classics, Short, Sweet, and Silly",https://books.toscrape.com//media/cache/7b/b9/7bb9386b43f2aeaa6eaf042df1b4e96f.jpg,Â£52.87,3/5,9639e89d20228e6e,Â£0.00,In stock (7 available)
Raymie Nightingale,https://books.toscrape.com//media/cache/95/6b/956b5a8927463f4ea0774e2469e27ce5.jpg,Â£34.41,2/5,31c56c4d0fe19340,Â£0.00,In stock (7 available)
Playing from the Heart,https://books.toscrape.com//media/cache/b6/ba/b6ba2393c312701f1471db91eb73284d.jpg,Â£32.38,1/5,68008abf6409dfde,Â£0.00,In stock (7 available)
Maybe Something Beautiful: How Art Transformed a Neighborhood,https://books.toscrape.com//media/cache/89/9a/899a07816ced14262169345493bbbe51.jpg,Â£22.54,1/5,81c68492ccd72941,Â£0.00,In stock (5 available)
The Wild Robot,https://books.toscrape.com//media/cache/42/48/424876ee529de5b557ebd69286c87343.jpg,Â£56.07,3/5,75fed6a47f69859d,Â£0.00,In stock (3 available)
The Thing About Jellyfish,https://books.toscrape.com//media/cache/ef/d3/efd3fd5390be3a440e28b03b5bb0fd95.jpg,Â£48.77,1/5,3d15714d4d3d15dd,Â£0.00,In stock (3 available)
The Lonely Ones,https://books.toscrape.com//media/cache/ff/f6/fff64acb3c65cbea2ac9209c2a57af17.jpg,Â£43.59,5/5,cf2f27fdf94ba20e,Â£0.00,In stock (3 available)
The Day the Crayons Came Home (Crayons),https://books.toscrape.com//media/cache/34/b2/34b2631bafd148bcd8dcd850a4b75971.jpg,Â£26.33,5/5,b22362b434e8ee62,Â£0.00,In stock (3 available)
"Don't Be a Jerk: And Other Practical Advice from Dogen, Japan's Greatest Zen Master",https://books.toscrape.com//media/cache/a7/9c/a79cac7aec3816fb754c1aedd2e82986.jpg,Â£37.97,2/5,fce19f9b4a943f22,Â£0.00,In stock (16 available)
You Are What You Love: The Spiritual Power of Habit,https://books.toscrape.com//media/cache/52/9b/529bf0d806ae2ab02bf23da4326b24c3.jpg,Â£21.87,4/5,796c87ddbbaaf8c5,Â£0.00,In stock (15 available)
God: The Most Unpleasant Character in All Fiction,https://books.toscrape.com//media/cache/41/d8/41d8915a712c2a56f1c5182c11445551.jpg,Â£30.03,5/5,eec424a84c9e4c68,Â£0.00,In stock (14 available)
The Book of Mormon,https://books.toscrape.com//media/cache/d7/c8/d7c885771d5e843cc2db6b0e5183c0c5.jpg,Â£24.57,3/5,3f25a2fedae191cc,Â£0.00,In stock (9 available)
"A History of God: The 4,000-Year Quest of Judaism, Christianity, and Islam",https://books.toscrape.com//media/cache/fd/99/fd996fdccb07aa8759f1388a0dea343a.jpg,Â£27.62,1/5,d12ca4020c2f602e,Â£0.00,In stock (4 available)
The Bhagavad Gita,https://books.toscrape.com//media/cache/13/27/13270087ac5cba3e999166a64991187a.jpg,Â£57.49,3/5,f3a0b8c835129558,Â£0.00,In stock (1 available)
Choosing Our Religion: The Spiritual Lives of America's Nones,https://books.toscrape.com//media/cache/e9/8a/e98a7adb82052fb13418a43291b8f0d4.jpg,Â£28.42,4/5,a812f6969ddf3e39,Â£0.00,In stock (1 available)
Worlds Elsewhere: Journeys Around Shakespeareâs Globe,https://books.toscrape.com//media/cache/7b/d9/7bd93db091d736d0c6ff9d578e3ba3d7.jpg,Â£40.30,5/5,4c28def39d850cdf,Â£0.00,In stock (18 available)
The Five Love Languages: How to Express Heartfelt Commitment to Your Mate,https://books.toscrape.com//media/cache/7c/10/7c10101fe1759c5a17ba57e4bef9e764.jpg,Â£31.05,3/5,3c039985229453bf,Â£0.00,In stock (18 available)
Reasons to Stay Alive,https://books.toscrape.com//media/cache/f5/3c/f53c7d21723c860cfbca2b539bc55b8f.jpg,Â£26.41,2/5,c8f7f0cb1abb9cac,Â£0.00,In stock (17 available)
#HigherSelfie: Wake Up Your Life. Free Your Soul. Find Your Tribe.,https://books.toscrape.com//media/cache/71/45/71451e3bba61a8d888a4a2c6526a4bcf.jpg,Â£23.11,5/5,c27f6e1f185b0383,Â£0.00,In stock (17 available)
"Unseen City: The Majesty of Pigeons, the Discreet Charm of Snails & Other Wonders of the Urban Wilderness",https://books.toscrape.com//media/cache/88/a4/88a4b5f7236b8a36ba972be5ebe4f252.jpg,Â£44.18,4/5,d170b5a0da46380e,Â£0.00,In stock (16 available)
Throwing Rocks at the Google Bus: How Growth Became the Enemy of Prosperity,https://books.toscrape.com//media/cache/f4/21/f4210912ca58ef35f8ad120fe3dfed38.jpg,Â£31.12,3/5,7858914fad68493c,Â£0.00,In stock (16 available)
The Life-Changing Magic of Tidying Up: The Japanese Art of Decluttering and Organizing,https://books.toscrape.com//media/cache/26/65/2665876e19a6c92130f02cfda3bd3846.jpg,Â£16.77,3/5,0da9aa9d24677fc0,Â£0.00,In stock (16 available)
The Gutsy Girl: Escapades for Your Life of Epic Adventure,https://books.toscrape.com//media/cache/73/cb/73cb1236d96f455d712516fffeae2304.jpg,Â£37.13,1/5,acd86a5426e21ca0,Â£0.00,In stock (16 available)
The Electric Pencil: Drawings from Inside State Hospital No. 3,https://books.toscrape.com//media/cache/b1/0f/b10faf0dee8994865437ffc79682dc2f.jpg,Â£56.06,1/5,a30b270e25489e5c,Â£0.00,In stock (16 available)
Spark Joy: An Illustrated Master Class on the Art of Organizing and Tidying Up,https://books.toscrape.com//media/cache/17/19/1719475c51206a410a90fe5f3708df4c.jpg,Â£41.83,4/5,87b0615b6e1f4d7b,Â£0.00,In stock (16 available)
Reskilling America: Learning to Labor in the Twenty-First Century,https://books.toscrape.com//media/cache/2c/d2/2cd2b814b8a8cd3a49895cbd13a8b1f4.jpg,Â£19.83,2/5,d7310206583a54b6,Â£0.00,In stock (16 available)
In the Country We Love: My Family Divided,https://books.toscrape.com//media/cache/11/08/1108a8d9ebccd9cd474012121c32a7f5.jpg,Â£22.00,4/5,b136b1b180ca753a,Â£0.00,In stock (16 available)
Everydata: The Misinformation Hidden in the Little Data You Consume Every Day,https://books.toscrape.com//media/cache/15/97/15972684c6f44f1be5e751d2e067cc16.jpg,Â£54.35,2/5,311c0dd0e354a33e,Â£0.00,In stock (16 available)
Call the Nurse: True Stories of a Country Nurse on a Scottish Isle,https://books.toscrape.com//media/cache/c5/f2/c5f2361aab546bc7f851cf93aec94ca3.jpg,Â£29.14,5/5,bee3672891cca906,Â£0.00,In stock (16 available)
Algorithms to Live By: The Computer Science of Human Decisions,https://books.toscrape.com//media/cache/28/ea/28ea530a8b7955e422df64beaed7871a.jpg,Â£30.81,1/5,38d45839cb1c83c1,Â£0.00,In stock (16 available)
The Power of Now: A Guide to Spiritual Enlightenment,https://books.toscrape.com//media/cache/13/2a/132a17f55f0048a2f2df748c9f5ce4e4.jpg,Â£43.54,2/5,8ec14b1576cb7cb5,Â£0.00,In stock (15 available)
The Omnivore's Dilemma: A Natural History of Four Meals,https://books.toscrape.com//media/cache/3d/9d/3d9d46815a4be5e5e6f5e641d8268961.jpg,Â£38.21,2/5,209adad1015af86f,Â£0.00,In stock (15 available)
The Genius of Birds,https://books.toscrape.com//media/cache/2e/52/2e52982210cbc8dffe414cab72b52e38.jpg,Â£17.24,1/5,42d0d7c92b75fc1c,Â£0.00,In stock (15 available)
The Artist's Way: A Spiritual Path to Higher Creativity,https://books.toscrape.com//media/cache/3b/41/3b414b6d0340a0cbbd05be0942ddaada.jpg,Â£38.49,5/5,dd047728de72ad62,Â£0.00,In stock (15 available)
So You've Been Publicly Shamed,https://books.toscrape.com//media/cache/9d/15/9d150a1d5832bb9e3b82bbc1541912d6.jpg,Â£12.23,2/5,1b33663ad7b95fd8,Â£0.00,In stock (15 available)
Rip it Up and Start Again,https://books.toscrape.com//media/cache/81/7f/817f5089c0e6e62738dce2931e7323d3.jpg,Â£35.02,5/5,a34ba96d4081e6a4,Â£0.00,In stock (19 available)
"Our Band Could Be Your Life: Scenes from the American Indie Underground, 1981-1991",https://books.toscrape.com//media/cache/ad/96/ad96e9c9f1664cbcb0e9627b007fb6f9.jpg,Â£57.25,3/5,deda3e61b9514b83,Â£0.00,In stock (19 available)
How Music Works,https://books.toscrape.com//media/cache/1d/40/1d4087ff0a63f09fae9cd8433d21c2c4.jpg,Â£37.32,2/5,327f68a59745c102,Â£0.00,In stock (19 available)
Love Is a Mix Tape (Music #1),https://books.toscrape.com//media/cache/b2/43/b2430e3958014d962042a14a912151ac.jpg,Â£18.03,1/5,adb5f51c2e2ab13f,Â£0.00,In stock (14 available)
Please Kill Me: The Uncensored Oral History of Punk,https://books.toscrape.com//media/cache/8e/bb/8ebbba84c204b011527a8f4bd082b03f.jpg,Â£31.19,4/5,4a823d80aa30dbb0,Â£0.00,In stock (8 available)
Kill 'Em and Leave: Searching for James Brown and the American Soul,https://books.toscrape.com//media/cache/d4/8e/d48ee3fe30d6d9b9cc550b76dae5984a.jpg,Â£45.05,5/5,39eefec3a8498dde,Â£0.00,In stock (8 available)
"Chronicles, Vol. 1",https://books.toscrape.com//media/cache/df/bd/dfbd53a5c4bcb1bf676bf2a86335adbb.jpg,Â£52.60,2/5,4781b6bfd6f7a2c5,Â£0.00,In stock (7 available)
This Is Your Brain on Music: The Science of a Human Obsession,https://books.toscrape.com//media/cache/d8/d3/d8d3a16113069ccde25da34483a583fb.jpg,Â£38.40,1/5,bc209a900101f28d,Â£0.00,In stock (5 available)
"Orchestra of Exiles: The Story of Bronislaw Huberman, the Israel Philharmonic, and the One Thousand Jews He Saved from Nazi Horrors",https://books.toscrape.com//media/cache/b5/94/b59425287ce6b186715fa7b01054c2bf.jpg,Â£12.36,3/5,2ba5ccc84d35006c,Â£0.00,In stock (4 available)
No One Here Gets Out Alive,https://books.toscrape.com//media/cache/8e/9b/8e9be254974e64a8a3d365a1571e3ec2.jpg,Â£20.02,5/5,3a95f5a2df4ff921,Â£0.00,In stock (4 available)
Life,https://books.toscrape.com//media/cache/9b/61/9b6155b8013ed9e05ef8a85b4117165b.jpg,Â£31.58,5/5,637e5a45062aa548,Â£0.00,In stock (2 available)
Old Records Never Die: One Man's Quest for His Vinyl and His Past,https://books.toscrape.com//media/cache/aa/55/aa55bbf7037a0e19ae69485adcc11903.jpg,Â£55.66,2/5,a1985630339f4b3d,Â£0.00,In stock (1 available)
Forever Rockers (The Rocker #12),https://books.toscrape.com//media/cache/a2/fc/a2fc91793502f5c10b5826ad606de435.jpg,Â£28.80,3/5,e564c3f1a93ccf2e,Â£0.00,In stock (1 available)
"The Coming Woman: A Novel Based on the Life of the Infamous Feminist, Victoria Woodhull",https://books.toscrape.com//media/cache/97/36/9736132a43b8e6e3989932218ef309ed.jpg,Â£17.93,3/5,e72a5dfc7e9267b2,Â£0.00,In stock (19 available)
The Boys in the Boat: Nine Americans and Their Epic Quest for Gold at the 1936 Berlin Olympics,https://books.toscrape.com//media/cache/d1/2d/d12d26739b5369a6b5b3024e4d08f907.jpg,Â£22.60,4/5,e10e1e165dc8be4a,Â£0.00,In stock (19 available)
"Starving Hearts (Triangular Trade Trilogy, #1)",https://books.toscrape.com//media/cache/a0/7e/a07ed8f1c23f7b4baf7102722680bd30.jpg,Â£13.99,2/5,0312262ecafa5a40,Â£0.00,In stock (19 available)
America's Cradle of Quarterbacks: Western Pennsylvania's Football Factory from Johnny Unitas to Joe Montana,https://books.toscrape.com//media/cache/a3/2a/a32ab3b8c024c6c2b274a86b185e7585.jpg,Â£22.50,3/5,c7d160c2c0de586f,Â£0.00,In stock (19 available)
Aladdin and His Wonderful Lamp,https://books.toscrape.com//media/cache/a8/3c/a83c460fab82f35a37c0846729485547.jpg,Â£53.13,3/5,904208d6aa64b655,Â£0.00,In stock (19 available)
Penny Maybe,https://books.toscrape.com//media/cache/b1/4b/b14be641ab97a330891455a769d52fd3.jpg,Â£33.29,3/5,668fe56b17cfcd4f,Â£0.00,In stock (18 available)
Maude (1883-1993):She Grew Up with the country,https://books.toscrape.com//media/cache/65/bf/65bfa3acc93b0e558a1c3de1b1164742.jpg,Â£18.02,2/5,094b269567e1c300,Â£0.00,In stock (18 available)
"The Inefficiency Assassin: Time Management Tactics for Working Smarter, Not Longer",https://books.toscrape.com//media/cache/a5/b8/a5b8d2d5165a06fc762e8eaf8b04f98f.jpg,Â£20.59,5/5,8c9e6bf2467d740d,Â£0.00,In stock (16 available)
Soul Reader,https://books.toscrape.com//media/cache/cc/5e/cc5e82c2205da748c6c19fbc1876586b.jpg,Â£39.58,2/5,e6af5bf1163c1151,Â£0.00,In stock (16 available)
Bossypants,https://books.toscrape.com//media/cache/94/34/943490007d42c0bc066efc899dafa472.jpg,Â£49.46,2/5,74baabfc8fd84b38,Â£0.00,In stock (16 available)
A World of Flavor: Your Gluten Free Passport,https://books.toscrape.com//media/cache/0a/6a/0a6a53a8d37584a7906d2d5a0032f9c1.jpg,Â£42.95,1/5,70ed59f194b3c556,Â£0.00,In stock (16 available)
"A Piece of Sky, a Grain of Rice: A Memoir in Four Meditations",https://books.toscrape.com//media/cache/09/6d/096df83de35d408278fdc9108d930b5f.jpg,Â£56.76,5/5,8a380641491d43ed,Â£0.00,In stock (16 available)
Tracing Numbers on a Train,https://books.toscrape.com//media/cache/0a/05/0a0514153dac092aac76b097b495f908.jpg,Â£41.60,3/5,d7d6d50c1e3d0b81,Â£0.00,In stock (15 available)
Thirteen Reasons Why,https://books.toscrape.com//media/cache/6d/7b/6d7b69b4edcdf5b6b075d6fa53bf74bc.jpg,Â£52.72,1/5,bc2a85fd35fdc7bd,Â£0.00,In stock (15 available)
The Secret (The Secret #1),https://books.toscrape.com//media/cache/d3/70/d37038f81b8ad0342346951271c31e58.jpg,Â£27.37,4/5,961f18db4f138211,Â£0.00,In stock (15 available)
The Psychopath Test: A Journey Through the Madness Industry,https://books.toscrape.com//media/cache/dd/63/dd637b4e7cb403932e6a29397d877e4e.jpg,Â£36.00,2/5,e98a4efa85070c2f,Â£0.00,In stock (15 available)
The Kite Runner,https://books.toscrape.com//media/cache/65/1e/651e956a041bf4b91bfba1374f0f91e7.jpg,Â£41.82,4/5,eac1a180047ad54e,Â£0.00,In stock (15 available)
The Girl on the Train,https://books.toscrape.com//media/cache/19/ed/19ed2156391eebbcd757a0d9f6d5860c.jpg,Â£55.02,2/5,e956d67c9bcc5809,Â£0.00,In stock (15 available)
The Emerald Mystery,https://books.toscrape.com//media/cache/bc/1f/bc1f79af87032748b75d12079f51c031.jpg,Â£23.15,2/5,d6670dfe3e7b42bd,Â£0.00,In stock (15 available)
The Bridge to Consciousness: I'm Writing the Bridge Between Science and Our Old and New Beliefs.,https://books.toscrape.com//media/cache/39/c7/39c7bebcde5d9643ede71ac8ee87ee69.jpg,Â£32.00,3/5,efc3768127714ec3,Â£0.00,In stock (15 available)
Mesaerion: The Best Science Fiction Stories 1800-1849,https://books.toscrape.com//media/cache/e8/1f/e81f850db9b9622c65619c9f15748de7.jpg,Â£37.59,1/5,e30f54cea9b38190,Â£0.00,In stock (19 available)
Join,https://books.toscrape.com//media/cache/df/64/df642e483f7ae23de6888c73f05e2014.jpg,Â£35.67,5/5,18ad3ed896c7ce05,Â£0.00,In stock (16 available)
"William Shakespeare's Star Wars: Verily, A New Hope (William Shakespeare's Star Wars #4)",https://books.toscrape.com//media/cache/02/7a/027a1f131d94c38f9e785f5d85a109c7.jpg,Â£43.30,4/5,9270575728a13a61,Â£0.00,In stock (15 available)
The Project,https://books.toscrape.com//media/cache/4c/57/4c57c192057269132623f9c6b3f69559.jpg,Â£10.65,1/5,790ef197c8f236f5,Â£0.00,In stock (15 available)
Soft Apocalypse,https://books.toscrape.com//media/cache/61/ca/61ca5ab6bc514b9527af9f805fa03c31.jpg,Â£26.12,2/5,2a70769cdc6eb8b8,Â£0.00,In stock (15 available)
Sleeping Giants (Themis Files #1),https://books.toscrape.com//media/cache/ac/a5/aca5de2e61ca2754de496a75dea25f91.jpg,Â£48.74,1/5,f435aa99d864077d,Â£0.00,In stock (11 available)
Arena,https://books.toscrape.com//media/cache/01/c5/01c50c5f341b8f1d030e9dffba5e5498.jpg,Â£21.36,4/5,2c34f9432069b52b,Â£0.00,In stock (11 available)
Foundation (Foundation (Publication Order) #1),https://books.toscrape.com//media/cache/da/a0/daa08c54a927c27494ea5bb90af79c60.jpg,Â£32.42,1/5,3fc124f59f3068e4,Â£0.00,In stock (5 available)
The Restaurant at the End of the Universe (Hitchhiker's Guide to the Galaxy #2),https://books.toscrape.com//media/cache/aa/8f/aa8fc991d84aca12ed94a0a2fa1099e5.jpg,Â£10.92,1/5,0e92ccf1bd39e68f,Â£0.00,In stock (3 available)
Ready Player One,https://books.toscrape.com//media/cache/b9/af/b9afd75c09ff7bf82c9a158a34cb993d.jpg,Â£19.07,4/5,2ef5dc7e278e562a,Â£0.00,In stock (3 available)
"Life, the Universe and Everything (Hitchhiker's Guide to the Galaxy #3)",https://books.toscrape.com//media/cache/54/ca/54cac05a3026d35e713133a1fe49f6c8.jpg,Â£33.26,2/5,4b3f4f151c99f472,Â£0.00,In stock (3 available)
Dune (Dune #1),https://books.toscrape.com//media/cache/63/a9/63a9a4e0c8e3c6ee2075a766b873cd31.jpg,Â£54.86,1/5,36d5884d44484277,Â£0.00,In stock (3 available)
Do Androids Dream of Electric Sheep? (Blade Runner #1),https://books.toscrape.com//media/cache/c7/a3/c7a3d04df9cbc857b149cd76d32e3030.jpg,Â£51.48,1/5,98330e431e56a9ea,Â£0.00,In stock (3 available)
Three Wishes (River of Time: California #1),https://books.toscrape.com//media/cache/48/e6/48e697e9c8bba8ca04a3064551cda630.jpg,Â£44.18,2/5,460f97a346b44bac,Â£0.00,In stock (1 available)
The Last Girl (The Dominion Trilogy #1),https://books.toscrape.com//media/cache/2a/88/2a88181c495875c02f87c2e6010b046d.jpg,Â£36.26,2/5,16c71736dae78764,Â£0.00,In stock (1 available)
Having the Barbarian's Baby (Ice Planet Barbarians #7.5),https://books.toscrape.com//media/cache/13/8a/138a09170e0431cce98921b857a6eeb5.jpg,Â£34.96,4/5,6717a70913b3db79,Â£0.00,In stock (1 available)
The Book of Basketball: The NBA According to The Sports Guy,https://books.toscrape.com//media/cache/73/bb/73bbe0a70806f8a732b9a7a7a343c5ec.jpg,Â£44.84,5/5,08decd9664e5d56e,Â£0.00,In stock (3 available)
"Friday Night Lights: A Town, a Team, and a Dream",https://books.toscrape.com//media/cache/89/e8/89e87f1e98993377949855563aa1f982.jpg,Â£51.22,3/5,a9aa3ed5b316470b,Â£0.00,In stock (3 available)
Sugar Rush (Offensive Line #2),https://books.toscrape.com//media/cache/10/65/106598cd8f3437c26a92cbda0a5a08bb.jpg,Â£24.42,1/5,ce42e3de94226b2b,Â£0.00,In stock (2 available)
Settling the Score (The Summer Games #1),https://books.toscrape.com//media/cache/95/c4/95c41c1765b517d6240bd674a02676b1.jpg,Â£44.91,2/5,132adf7335bb384a,Â£0.00,In stock (1 available)
Icing (Aces Hockey #2),https://books.toscrape.com//media/cache/bf/31/bf31c4b40f6b2622330155fb9113a3bb.jpg,Â£40.44,4/5,3455b45888fb5053,Â£0.00,In stock (1 available)
The Torch Is Passed: A Harding Family Story,https://books.toscrape.com//media/cache/c7/26/c7260547c468dbe78af92cf3927c2a1c.jpg,Â£19.09,1/5,4eed62cf5f8d8edf,Â£0.00,In stock (16 available)
"The Mindfulness and Acceptance Workbook for Anxiety: A Guide to Breaking Free from Anxiety, Phobias, and Worry Using Acceptance and Commitment Therapy",https://books.toscrape.com//media/cache/c9/eb/c9eb6ecf45abf796df0044600db65e55.jpg,Â£23.89,4/5,31075275518532d7,Â£0.00,In stock (16 available)
The Art Forger,https://books.toscrape.com//media/cache/f5/3b/f53bc7b18914c97de7c23967293be119.jpg,Â£40.76,3/5,80cfab6bcff3a244,Â£0.00,In stock (16 available)
On a Midnight Clear,https://books.toscrape.com//media/cache/75/9d/759d9276739200e2cb8101a36449ba20.jpg,Â£14.07,3/5,b757c0c361e689ce,Â£0.00,In stock (16 available)
Judo: Seven Steps to Black Belt (an Introductory Guide for Beginners),https://books.toscrape.com//media/cache/6d/80/6d80608ef81001ad068df06fae44b7f8.jpg,Â£53.90,2/5,228f74b74f3a08ae,Â£0.00,In stock (16 available)
"Shobu Samurai, Project Aryoku (#3)",https://books.toscrape.com//media/cache/f3/7f/f37f3173a97baeac6b6421c54a6df7b5.jpg,Â£29.06,3/5,0c27e6c3744fc14b,Â£0.00,In stock (15 available)
Modern Romance,https://books.toscrape.com//media/cache/78/cb/78cb28a3e8804131e8e0c3f7b8deb2fc.jpg,Â£28.26,5/5,caf4fe9311f1dc59,Â£0.00,In stock (15 available)
The White Queen (The Cousins' War #1),https://books.toscrape.com//media/cache/11/40/11400b5532ad710359584a68db50f33c.jpg,Â£25.91,5/5,6875c5657661b2fb,Â£0.00,In stock (14 available)
The Song of Achilles,https://books.toscrape.com//media/cache/4e/56/4e56783b21a3a5c73e32e59241a351ac.jpg,Â£37.40,5/5,e88fb1c9397cfb27,Â£0.00,In stock (14 available)
The Immortal Life of Henrietta Lacks,https://books.toscrape.com//media/cache/92/4d/924d855a0ad5774410b0bb7c71afa788.jpg,Â£40.67,2/5,f72f61ad6a5f12ed,Â£0.00,In stock (14 available)
The Dovekeepers,https://books.toscrape.com//media/cache/24/86/248641d1d03b4dbfe3a7db4e20552973.jpg,Â£48.78,1/5,3d76bc83c6b644c9,Â£0.00,In stock (14 available)
More Than Music (Chasing the Dream #1),https://books.toscrape.com//media/cache/e7/00/e7000cd6975d8932b9178de9386b944d.jpg,Â£37.61,2/5,47d47155e89c8be7,Â£0.00,In stock (14 available)
Code Name Verity (Code Name Verity #1),https://books.toscrape.com//media/cache/65/9a/659ada7d88e3bda8db70f7e5312a39e2.jpg,Â£22.13,4/5,33a3e0e3ffde0dcd,Â£0.00,In stock (14 available)
Cell,https://books.toscrape.com//media/cache/03/da/03da11f81eda5e742df8a39e90c21c70.jpg,Â£20.29,4/5,bfbb54bc8cdeed2b,Â£0.00,In stock (14 available)
Angels Walking (Angels Walking #1),https://books.toscrape.com//media/cache/ba/d9/bad95369105e8e403bf1f2b9288c5e41.jpg,Â£34.20,2/5,1fbb5f786e53a0ce,Â£0.00,In stock (14 available)
"A Series of Catastrophes and Miracles: A True Story of Love, Science, and Cancer",https://books.toscrape.com//media/cache/07/5f/075fff6094c0805f9f6b9e12561aeb87.jpg,Â£56.48,2/5,c1379d3744f1dd2c,Â£0.00,In stock (14 available)
A People's History of the United States,https://books.toscrape.com//media/cache/bd/93/bd930adc47ee0dc240f8134f70f431ad.jpg,Â£40.79,2/5,1ad06aed9349af46,Â£0.00,In stock (14 available)
A Brush of Wings (Angels Walking #3),https://books.toscrape.com//media/cache/19/11/1911d173c8e812518900af9aa16d9e46.jpg,Â£55.51,1/5,01a177623cce9596,Â£0.00,In stock (14 available)
Rook,https://books.toscrape.com//media/cache/64/ab/64ab238bea10c4f25fa5bc9129a35370.jpg,Â£37.86,4/5,44d97b6707dae3f0,Â£0.00,In stock (13 available)
The Midnight Watch: A Novel of the Titanic and the Californian,https://books.toscrape.com//media/cache/d8/63/d8630e50f24c22765c9591a9297ff2e1.jpg,Â£26.20,1/5,14e44163678e24dc,Â£0.00,In stock (12 available)
Unicorn Tracks,https://books.toscrape.com//media/cache/9b/09/9b0935dc936c92900c2dc5d2114da72f.jpg,Â£18.78,3/5,7ae099f3898e0209,Â£0.00,In stock (16 available)
"Saga, Volume 6 (Saga (Collected Editions) #6)",https://books.toscrape.com//media/cache/4a/99/4a996ae54711cea37e370428b54f8b19.jpg,Â£25.02,3/5,c849f0b2f5d6a742,Â£0.00,In stock (16 available)
Princess Between Worlds (Wide-Awake Princess #5),https://books.toscrape.com//media/cache/db/01/db01b38d3200a5faff4ead42791416e4.jpg,Â£13.34,5/5,0e691eda369f4e09,Â£0.00,In stock (16 available)
Masks and Shadows,https://books.toscrape.com//media/cache/05/c4/05c43fe821ae19169c7baa8a54c7e869.jpg,Â£56.40,2/5,fa9610a50a1bf149,Â£0.00,In stock (16 available)
Crown of Midnight (Throne of Glass #2),https://books.toscrape.com//media/cache/b7/7d/b77d5e56daa3c22822abf1b8affbaef9.jpg,Â£43.29,3/5,7267864328ae8b9d,Â£0.00,In stock (16 available)
"Avatar: The Last Airbender: Smoke and Shadow, Part 3 (Smoke and Shadow #3)",https://books.toscrape.com//media/cache/9f/25/9f25ffe4229a32d1368b3dfe248c3343.jpg,Â£28.09,2/5,6d5300b2d8f37e07,Â£0.00,In stock (16 available)
A Court of Thorns and Roses (A Court of Thorns and Roses #1),https://books.toscrape.com//media/cache/0a/78/0a78f89fc2dc78b700b494c3510e8920.jpg,Â£52.37,1/5,01d2001ac1e6f8a3,Â£0.00,In stock (16 available)
Throne of Glass (Throne of Glass #1),https://books.toscrape.com//media/cache/4e/8d/4e8d87d1cb5e876ddb50599a1d1b656e.jpg,Â£35.07,3/5,590a9cccf7db9f7d,Â£0.00,In stock (15 available)
The Glittering Court (The Glittering Court #1),https://books.toscrape.com//media/cache/2f/21/2f21c9ffd0962092ce337ecd1b338f5b.jpg,Â£44.28,1/5,2dbb7ec08cdd7f3c,Â£0.00,In stock (15 available)
Hollow City (Miss Peregrineâs Peculiar Children #2),https://books.toscrape.com//media/cache/4c/fd/4cfd83a011f60d38b140642a441ce01a.jpg,Â£42.98,1/5,4ce91d31c1e57c33,Â£0.00,In stock (15 available)
The Star-Touched Queen,https://books.toscrape.com//media/cache/ac/1a/ac1a0546d9cdf6cd82ab7712a6c418df.jpg,Â£46.02,5/5,1528279aec1f3dce,Â£0.00,In stock (14 available)
The Hidden Oracle (The Trials of Apollo #1),https://books.toscrape.com//media/cache/7c/55/7c550a26f03e12343d0c6b4474b3eb1e.jpg,Â£52.26,2/5,992974ba6a0536ea,Â£0.00,In stock (14 available)
The Bane Chronicles (The Bane Chronicles #1-11),https://books.toscrape.com//media/cache/e9/fe/e9fed5b725a6badd26ef93175fdc248b.jpg,Â£44.73,4/5,dc6f688b82e42a5b,Â£0.00,In stock (14 available)
Island of Dragons (Unwanteds #7),https://books.toscrape.com//media/cache/0f/65/0f6563cce3cc893cde20b088f6fd4107.jpg,Â£29.65,1/5,2b52334fab158861,Â£0.00,In stock (14 available)
Demigods & Magicians: Percy and Annabeth Meet the Kanes (Percy Jackson & Kane Chronicles Crossover #1-3),https://books.toscrape.com//media/cache/b7/d5/b7d558f31dc9803aeb6c76009fdea5bc.jpg,Â£37.51,5/5,3c6fe637a0180b01,Â£0.00,In stock (14 available)
City of Glass (The Mortal Instruments #3),https://books.toscrape.com//media/cache/10/66/106624e3f3bf865390255be16dfb71d8.jpg,Â£56.02,4/5,966ebb738e0f9d9b,Â£0.00,In stock (14 available)
Searching for Meaning in Gailana,https://books.toscrape.com//media/cache/9e/b4/9eb4396139c421fc9f832011c68adb2c.jpg,Â£38.73,1/5,2f0213137a80d485,Â£0.00,In stock (13 available)
The Star-Touched Queen,https://books.toscrape.com//media/cache/dc/57/dc57f908a0a2e130a5c065893a9005dd.jpg,Â£32.30,5/5,4a7a25be293ad678,Â£0.00,In stock (12 available)
A Shard of Ice (The Black Symphony Saga #1),https://books.toscrape.com//media/cache/9d/9b/9d9bf1a3155fb3736d2fe12799dcca95.jpg,Â£56.63,3/5,63d5f1651880dcea,Â£0.00,In stock (9 available)
King's Folly (The Kinsman Chronicles #1),https://books.toscrape.com//media/cache/fc/17/fc17b4149d87d9ee714dde082ede0ee9.jpg,Â£39.61,5/5,4c82371b8cd02d4d,Â£0.00,In stock (7 available)
Without Borders (Wanderlove #1),https://books.toscrape.com//media/cache/de/26/de269ee688d4dc51846567f3942600ce.jpg,Â£45.07,2/5,acddfeab2a407640,Â£0.00,In stock (16 available)
The Mistake (Off-Campus #2),https://books.toscrape.com//media/cache/95/49/9549db6862283a388659611bda63b97b.jpg,Â£43.29,3/5,99ff4cc6491e8f5c,Â£0.00,In stock (15 available)
The Matchmaker's Playbook (Wingmen Inc. #1),https://books.toscrape.com//media/cache/e9/e3/e9e3736effeb4982324dd0e4e64b2e81.jpg,Â£55.85,1/5,08db62f24627e71f,Â£0.00,In stock (15 available)
The Hook Up (Game On #1),https://books.toscrape.com//media/cache/90/de/90de87ce300bcbbfcdb9ad77fc9a2e5f.jpg,Â£36.29,5/5,6e473eff459e809f,Â£0.00,In stock (1 available)
Shameless,https://books.toscrape.com//media/cache/e2/52/e252988534e955a047c562376b8b95c0.jpg,Â£58.35,3/5,c068c013d6921fea,Â£0.00,In stock (1 available)
Off Sides (Off #1),https://books.toscrape.com//media/cache/4a/58/4a58f6feb21b7194911eddb020766583.jpg,Â£39.45,5/5,b6f1cfadc4dd79d4,Â£0.00,In stock (1 available)
The Requiem Red,https://books.toscrape.com//media/cache/6b/07/6b07b77236b7c80f42bd90bf325e69f6.jpg,Â£22.65,1/5,f77dbf2323deb740,Â£0.00,In stock (19 available)
Set Me Free,https://books.toscrape.com//media/cache/b8/e9/b8e91bd2fc74c3954118999238abb4b8.jpg,Â£17.46,5/5,ce6396b0f23f6ecc,Â£0.00,In stock (19 available)
The Natural History of Us (The Fine Art of Pretending #2),https://books.toscrape.com//media/cache/da/b8/dab87c14168f3ce18530447ec6437361.jpg,Â£45.22,3/5,cedf82b5086e4691,Â£0.00,In stock (16 available)
Obsidian (Lux #1),https://books.toscrape.com//media/cache/88/3f/883fb0f2304efca8724c629f03a4b82a.jpg,Â£14.86,2/5,3c346ab1e76ae1f6,Â£0.00,In stock (16 available)
Burning,https://books.toscrape.com//media/cache/9a/2c/9a2c2936fa9bd422be96805924e1411a.jpg,Â£28.81,3/5,5ceb951f629700a2,Â£0.00,In stock (16 available)
A Fierce and Subtle Poison,https://books.toscrape.com//media/cache/ac/b6/acb65d6d11263ba98b0191b544f6c728.jpg,Â£28.13,4/5,842790dfaa937484,Â£0.00,In stock (16 available)
Scarlett Epstein Hates It Here,https://books.toscrape.com//media/cache/7e/ba/7eba21a2ecaa4651e44f04a7cd808520.jpg,Â£43.55,5/5,1c929cfd16b71907,Â£0.00,In stock (15 available)
"Nightingale, Sing",https://books.toscrape.com//media/cache/97/e6/97e65c8381cc80ba1107c3ce81c4878d.jpg,Â£38.28,1/5,50b8f80311b31ede,Â£0.00,In stock (15 available)
Library of Souls (Miss Peregrineâs Peculiar Children #3),https://books.toscrape.com//media/cache/79/7a/797a5468a7d06aba28d1cc7342b1f2ba.jpg,Â£48.56,5/5,ba54932df84e8cea,Â£0.00,In stock (15 available)
Frostbite (Vampire Academy #2),https://books.toscrape.com//media/cache/2a/2d/2a2d6ebcedeb7249a2a85fd1fbfd06e1.jpg,Â£29.99,5/5,116a2fdc9a45bab0,Â£0.00,In stock (15 available)
Wild Swans,https://books.toscrape.com//media/cache/ad/42/ad42a85570a887faf1b9e12715cf59bf.jpg,Â£14.36,2/5,3fb15ace50d6142b,Â£0.00,In stock (14 available)
Until Friday Night (The Field Party #1),https://books.toscrape.com//media/cache/e1/24/e1249f72129bd4b788ffd0cdd7834c24.jpg,Â£46.31,2/5,aba2db9afb1469c7,Â£0.00,In stock (14 available)
This Is Where It Ends,https://books.toscrape.com//media/cache/8e/dc/8edc314a67ed5ddad7bd0a2f30ad3238.jpg,Â£27.12,2/5,f0f38174a7e689a3,Â£0.00,In stock (14 available)
The Darkest Lie,https://books.toscrape.com//media/cache/3b/6a/3b6ae7b1d7736819f4f44605441e283e.jpg,Â£35.35,5/5,6edacfd1f8ebb9eb,Â£0.00,In stock (14 available)
My Kind of Crazy,https://books.toscrape.com//media/cache/2b/38/2b38dc9b90299a9755fb15bed3293342.jpg,Â£40.36,1/5,137b0b2775701e11,Â£0.00,In stock (14 available)
Don't Get Caught,https://books.toscrape.com//media/cache/78/11/78112d48a74583a7acc24a2b46a9f59d.jpg,Â£55.35,1/5,ad2887ce04583910,Â£0.00,In stock (14 available)
Catching Jordan (Hundred Oaks),https://books.toscrape.com//media/cache/f4/8b/f48b76634af0040d4eea1ee896d3676b.jpg,Â£50.83,3/5,e2e7b683b4c15b7d,Â£0.00,In stock (14 available)
Aristotle and Dante Discover the Secrets of the Universe (Aristotle and Dante Discover the Secrets of the Universe #1),https://books.toscrape.com//media/cache/e5/3a/e53a42b20d0c60634289aaad3fbb75c6.jpg,Â£58.14,4/5,41164b8ac02a2c42,Â£0.00,In stock (14 available)
The Epidemic (The Program 0.6),https://books.toscrape.com//media/cache/b6/2f/b62f16c69886271a55d3717883323283.jpg,Â£14.44,5/5,f732d7d18a91d2ba,Â£0.00,In stock (12 available)
Stars Above (The Lunar Chronicles #4.5),https://books.toscrape.com//media/cache/8f/22/8f221677f6d28eba048ebb505fcfd90a.jpg,Â£48.05,2/5,b63ea3f7a57ae099,Â£0.00,In stock (12 available)
The Most Perfect Thing: Inside (and Outside) a Bird's Egg,https://books.toscrape.com//media/cache/a3/9e/a39e7c5c9fc61c2ae0f81116aa8cbb0e.jpg,Â£42.96,4/5,aadee1c326d286e3,Â£0.00,In stock (16 available)
Immunity: How Elie Metchnikoff Changed the Course of Modern Medicine,https://books.toscrape.com//media/cache/e1/1e/e11e7e9514a123aee2415a1def85e638.jpg,Â£57.36,5/5,e4f74c16de34d440,Â£0.00,In stock (16 available)
Sorting the Beef from the Bull: The Science of Food Fraud Forensics,https://books.toscrape.com//media/cache/5d/a5/5da545b9d44464af8b3d0a9511a050ca.jpg,Â£44.74,4/5,3edcccc4f341fb1a,Â£0.00,In stock (14 available)
Tipping Point for Planet Earth: How Close Are We to the Edge?,https://books.toscrape.com//media/cache/8e/cb/8ecbec21e76445ee83229a439e22aeaa.jpg,Â£37.55,1/5,148715df5a02ea5e,Â£0.00,In stock (12 available)
"The Fabric of the Cosmos: Space, Time, and the Texture of Reality",https://books.toscrape.com//media/cache/b2/5a/b25a722c3bab8b311454bc251a75334a.jpg,Â£55.91,1/5,ca74f2e3c35a3e77,Â£0.00,In stock (9 available)
Diary of a Citizen Scientist: Chasing Tiger Beetles and Other New Ways of Engaging the World,https://books.toscrape.com//media/cache/29/5c/295ca7f5981786e8b2c6616d10158808.jpg,Â£28.41,1/5,0c11e2d068768dbb,Â£0.00,In stock (8 available)
The Origin of Species,https://books.toscrape.com//media/cache/d5/45/d54527d34174d5dd7eaeaaffdfcb3c5c.jpg,Â£10.01,4/5,0345872b14f9e774,Â£0.00,In stock (7 available)
The Grand Design,https://books.toscrape.com//media/cache/9b/69/9b696c2064d6ee387774b6121bb4be91.jpg,Â£13.76,3/5,3213b1f13f5f0f7c,Â£0.00,In stock (5 available)
Peak: Secrets from the New Science of Expertise,https://books.toscrape.com//media/cache/7c/04/7c04c7a92b5ba83361eba81fa364a2ca.jpg,Â£16.28,2/5,6036239d2ab349b7,Â£0.00,In stock (5 available)
"The Elegant Universe: Superstrings, Hidden Dimensions, and the Quest for the Ultimate Theory",https://books.toscrape.com//media/cache/5e/db/5edba3f8d50df6306bc5aa3f2516bd0c.jpg,Â£13.03,4/5,c6bf14cb901c63ac,Â£0.00,In stock (3 available)
"The Disappearing Spoon: And Other True Tales of Madness, Love, and the History of the World from the Periodic Table of the Elements",https://books.toscrape.com//media/cache/47/cd/47cd27d1ae8935f974541829eea328f2.jpg,Â£57.35,5/5,63c0826ef59eae66,Â£0.00,In stock (3 available)
"Surely You're Joking, Mr. Feynman!: Adventures of a Curious Character",https://books.toscrape.com//media/cache/a5/50/a550edf8668b36d52d37080a804944ab.jpg,Â£25.83,2/5,61002f3b7ba5d780,Â£0.00,In stock (3 available)
Seven Brief Lessons on Physics,https://books.toscrape.com//media/cache/ae/f9/aef933758e39ba5e4327b2152478bb1a.jpg,Â£30.60,4/5,281a244ce1954711,Â£0.00,In stock (3 available)
The Selfish Gene,https://books.toscrape.com//media/cache/d7/63/d763b806d6f0fb6580f16d08e00bdba6.jpg,Â£29.45,1/5,6f2c0a9adbb2bca9,Â£0.00,In stock (1 available)
A Light in the Attic,https://books.toscrape.com//media/cache/fe/72/fe72f0532301ec28892ae79a629a293c.jpg,Â£51.77,3/5,a897fe39b1053632,Â£0.00,In stock (22 available)
The Black Maria,https://books.toscrape.com//media/cache/d1/7a/d17a3e313e52e1be5651719e4fba1d16.jpg,Â£52.15,1/5,1dfe412b8ac00530,Â£0.00,In stock (19 available)
Shakespeare's Sonnets,https://books.toscrape.com//media/cache/4d/7a/4d7a79a8be80a529b277ed5c4d8ba482.jpg,Â£20.66,4/5,30a7f60cd76ca58c,Â£0.00,In stock (19 available)
Olio,https://books.toscrape.com//media/cache/b1/0e/b10eabab1e1c811a6d47969904fd5755.jpg,Â£23.88,1/5,feb7cc7701ecf901,Â£0.00,In stock (19 available)
You can't bury them all: Poems,https://books.toscrape.com//media/cache/b7/44/b7440aa88046b0bf8cba50d59295518e.jpg,Â£33.63,2/5,55f9da0c5eea2e10,Â£0.00,In stock (17 available)
Slow States of Collapse: Poems,https://books.toscrape.com//media/cache/db/ac/dbac3faca8a799824f5725d66c0fcce3.jpg,Â£57.31,3/5,b4fd5943413e089a,Â£0.00,In stock (17 available)
Untitled Collection: Sabbath Poems 2014,https://books.toscrape.com//media/cache/65/6e/656e79dfd4f8b6bf19ffde2c75ceda81.jpg,Â£14.27,4/5,657fe5ead67a7767,Â£0.00,In stock (16 available)
Poems That Make Grown Women Cry,https://books.toscrape.com//media/cache/18/ac/18ac3f16b10a5fc47e603d93335e3f24.jpg,Â£14.19,4/5,31001a1210623bd4,Â£0.00,In stock (15 available)
Night Sky with Exit Wounds,https://books.toscrape.com//media/cache/ff/48/ff48b0696fb97b7f7b5c6d15e372cb70.jpg,Â£41.05,1/5,cfeb1e1e0e695b58,Â£0.00,In stock (15 available)
salt.,https://books.toscrape.com//media/cache/c9/92/c9924f9637aef6d9fc8e165be62f69ee.jpg,Â£46.78,4/5,86cbddb61ea78bb7,Â£0.00,In stock (14 available)
"Quarter Life Poetry: Poems for the Young, Broke and Hangry",https://books.toscrape.com//media/cache/68/92/68922093080c377fa521ba64d8d372e1.jpg,Â£50.89,5/5,aa35446aab16017f,Â£0.00,In stock (14 available)
Out of Print: City Lights Spotlight No. 14,https://books.toscrape.com//media/cache/4c/5a/4c5a559bc2edb79e5d48af4dbc813eb2.jpg,Â£53.64,5/5,c0fc0cd215ee1724,Â£0.00,In stock (8 available)
Les Fleurs du Mal,https://books.toscrape.com//media/cache/3d/32/3d324c0b55c221e9b701d4e772b42ad6.jpg,Â£29.04,5/5,c44c5e1425475206,Â£0.00,In stock (8 available)
Howl and Other Poems,https://books.toscrape.com//media/cache/09/8e/098e81fcea9f6b4c15f6d207301c0085.jpg,Â£40.45,2/5,b7870fa6dc088fbb,Â£0.00,In stock (8 available)
Leave This Song Behind: Teen Poetry at Its Best,https://books.toscrape.com//media/cache/5e/ca/5eca840ed2d6f0f0d2f795922cb76741.jpg,Â£51.17,5/5,b74ee891e2a6dd69,Â£0.00,In stock (7 available)
The Collected Poems of W.B. Yeats (The Collected Works of W.B. Yeats #1),https://books.toscrape.com//media/cache/b3/8c/b38cadc69f4a2db0aae2ee2867ab8583.jpg,Â£15.42,5/5,3d250ab0f12be445,Â£0.00,In stock (6 available)
The Crossover,https://books.toscrape.com//media/cache/25/fe/25fe373b974387a66ff1dea80f023ccb.jpg,Â£38.77,4/5,b228042c088b1913,Â£0.00,In stock (5 available)
Booked,https://books.toscrape.com//media/cache/cf/3b/cf3b0341f5f4f4ad2c1439c11d32a9b1.jpg,Â£17.49,5/5,b54d7416bb445989,Â£0.00,In stock (5 available)
Twenty Love Poems and a Song of Despair,https://books.toscrape.com//media/cache/ec/10/ec10f11ff0ea13c17a42d81b03896235.jpg,Â£30.95,4/5,e63c3f25338baf9a,Â£0.00,In stock (1 available)
"Vampire Knight, Vol. 1 (Vampire Knight #1)",https://books.toscrape.com//media/cache/39/82/39826643a2e100f9e763079d7d5867f4.jpg,Â£15.40,1/5,e7e87087b1a44711,Â£0.00,In stock (1 available)
Wall and Piece,https://books.toscrape.com//media/cache/df/34/df346322ddfdd3b4da0e34cad17f49dc.jpg,Â£44.18,4/5,ccd9ffa25efabdea,Â£0.00,In stock (18 available)
Feathers: Displays of Brilliant Plumage,https://books.toscrape.com//media/cache/0a/d4/0ad48326a0d2dbda145c94e1d50ef673.jpg,Â£49.05,3/5,9194ae88379dbf1a,Â£0.00,In stock (14 available)
Art and Fear: Observations on the Perils (and Rewards) of Artmaking,https://books.toscrape.com//media/cache/87/82/87822798b42545d589822bc712dc38a6.jpg,Â£48.63,4/5,d6d9ffea95f2f8bf,Â£0.00,In stock (9 available)
The New Drawing on the Right Side of the Brain,https://books.toscrape.com//media/cache/0a/8f/0a8f6461714ec9868dea0d37c5da5a81.jpg,Â£43.02,3/5,3eec766dda26fa64,Â£0.00,In stock (8 available)
History of Beauty,https://books.toscrape.com//media/cache/cb/74/cb74d2953d5249143c3c2e3c281daf6f.jpg,Â£10.29,4/5,8a150fd8ff5d7686,Â£0.00,In stock (8 available)
The Story of Art,https://books.toscrape.com//media/cache/7a/e9/7ae92da23efc2f0f4633f9d2cde370f3.jpg,Â£41.14,4/5,9147c5251cc99eb1,Â£0.00,In stock (7 available)
The Art Book,https://books.toscrape.com//media/cache/76/90/76904c101329aa50b6653f399318970b.jpg,Â£32.34,2/5,4b8fa561a1e52d1c,Â£0.00,In stock (7 available)
Ways of Seeing,https://books.toscrape.com//media/cache/a5/54/a5542b7abc8673ea8254a3fe93b23e4e.jpg,Â£39.51,5/5,66a4e422b212726a,Â£0.00,In stock (1 available)
The Lucifer Effect: Understanding How Good People Turn Evil,https://books.toscrape.com//media/cache/4b/2a/4b2a574e8382dcac92d046d30d2c27fc.jpg,Â£10.40,1/5,4e812d32d64e2431,Â£0.00,In stock (14 available)
The Golden Condom: And Other Essays on Love Lost and Found,https://books.toscrape.com//media/cache/e8/b4/e8b404939ad2b1cc9d896ba646919b17.jpg,Â£39.43,1/5,235fa48eeed11d82,Â£0.00,In stock (12 available)
It Didn't Start with You: How Inherited Family Trauma Shapes Who We Are and How to End the Cycle,https://books.toscrape.com//media/cache/d3/26/d326484793116ccc786957d31e4fe912.jpg,Â£56.27,3/5,ce8666d9b42fc9a0,Â£0.00,In stock (11 available)
An Unquiet Mind: A Memoir of Moods and Madness,https://books.toscrape.com//media/cache/e5/65/e56540f5e29286f3d7a1e3eb1912b61f.jpg,Â£21.30,3/5,46cb43c2ab133ccc,Â£0.00,In stock (6 available)
"Thinking, Fast and Slow",https://books.toscrape.com//media/cache/7d/9b/7d9ba3173dcc0194ec63f9c77d0763cb.jpg,Â£21.14,1/5,719d72f3ee512dc6,Â£0.00,In stock (3 available)
Civilization and Its Discontents,https://books.toscrape.com//media/cache/5c/27/5c2728296f41f2f0fb52142e35f49570.jpg,Â£59.95,2/5,396385e3de5d18c3,Â£0.00,In stock (3 available)
8 Keys to Mental Health Through Exercise,https://books.toscrape.com//media/cache/37/5e/375e0267fe12e7aa1f9f7f2bd2711ecb.jpg,Â£31.04,1/5,f5873c8fc7760000,Â£0.00,In stock (3 available)
The Argonauts,https://books.toscrape.com//media/cache/22/d0/22d01c710471f94dabfa41083fa3cf4e.jpg,Â£10.93,2/5,c99761a700ade23f,Â£0.00,In stock (15 available)
M Train,https://books.toscrape.com//media/cache/f0/9f/f09fd4a3200b94db86364f308ac02530.jpg,Â£27.18,1/5,5569c3fea112718e,Â£0.00,In stock (11 available)
Lab Girl,https://books.toscrape.com//media/cache/26/ff/26ffcda626a5561e483afa19b58db8ac.jpg,Â£40.85,1/5,825d6c44da3ca5a6,Â£0.00,In stock (11 available)
Approval Junkie: Adventures in Caring Too Much,https://books.toscrape.com//media/cache/96/6d/966d8d2afdead087cba0f29a69f89ba5.jpg,Â£58.81,5/5,612369a5947a012e,Â£0.00,In stock (5 available)
Running with Scissors,https://books.toscrape.com//media/cache/4c/e1/4ce1ed40df359e001020e1ea55674381.jpg,Â£12.91,4/5,28921443f052bea6,Â£0.00,In stock (3 available)
Me Talk Pretty One Day,https://books.toscrape.com//media/cache/61/b2/61b220c2079a45a7975a397c8849e00e.jpg,Â£57.60,2/5,abc4a7ee16c21088,Â£0.00,In stock (3 available)
Lust & Wonder,https://books.toscrape.com//media/cache/25/1c/251ce4355601534338a646f2b63be93a.jpg,Â£11.87,2/5,0dcadb06206abd3c,Â£0.00,In stock (3 available)
Life Without a Recipe,https://books.toscrape.com//media/cache/9e/4f/9e4fb935df3113056cc9bdee6cd09ea6.jpg,Â£59.04,5/5,c53d9fefcda371e9,Â£0.00,In stock (3 available)
A Heartbreaking Work of Staggering Genius,https://books.toscrape.com//media/cache/47/f3/47f3d4f1e85773bf41ba64a036e37994.jpg,Â£54.29,5/5,c9770bb1d5a492a0,Â£0.00,In stock (3 available)
Catastrophic Happiness: Finding Joy in Childhood's Messy Years,https://books.toscrape.com//media/cache/3c/b9/3cb9c84d2a6a66f8bb6601d4f33deaa0.jpg,Â£37.35,2/5,ef49db2aaa9bb547,Â£0.00,In stock (3 available)
Fifty Shades Freed (Fifty Shades #3),https://books.toscrape.com//media/cache/f4/07/f407d3bbf457d35701dfe72ee9ef3b68.jpg,Â£15.36,5/5,ed813a848580ba50,Â£0.00,In stock (3 available)
The Long Haul (Diary of a Wimpy Kid #9),https://books.toscrape.com//media/cache/b1/e6/b1e6c747381261cd6e60ac9d350c4bab.jpg,Â£44.07,1/5,f21effc079a2b38a,Â£0.00,In stock (14 available)
Old School (Diary of a Wimpy Kid #10),https://books.toscrape.com//media/cache/55/82/5582626cb185a8eb2914c15d5287afbd.jpg,Â£11.83,5/5,02b74068fa98d8a4,Â£0.00,In stock (14 available)
I Know What I'm Doing -- and Other Lies I Tell Myself: Dispatches from a Life Under Construction,https://books.toscrape.com//media/cache/04/ab/04ab560690b2383512d2fdf4c6366b1e.jpg,Â£25.98,4/5,b8a8ff84233f0570,Â£0.00,In stock (14 available)
"Hyperbole and a Half: Unfortunate Situations, Flawed Coping Mechanisms, Mayhem, and Other Things That Happened",https://books.toscrape.com//media/cache/25/1d/251df0eb9b321159b0ee348d4a9da2af.jpg,Â£14.75,5/5,fbb21a2f71f4d981,Â£0.00,In stock (14 available)
Dress Your Family in Corduroy and Denim,https://books.toscrape.com//media/cache/9c/2b/9c2bdd3040938c144345a115fb906562.jpg,Â£43.68,3/5,7e9068872228c474,Â£0.00,In stock (9 available)
Toddlers Are A**holes: It's Not Your Fault,https://books.toscrape.com//media/cache/26/1a/261a092ddd76981beb23a601edf0868b.jpg,Â£25.55,1/5,4242cc3d0437db12,Â£0.00,In stock (7 available)
When You Are Engulfed in Flames,https://books.toscrape.com//media/cache/42/1a/421afe48509fc8cccccad804b64c58dc.jpg,Â£30.89,5/5,dab0196cd5fc8e5e,Â£0.00,In stock (3 available)
Naked,https://books.toscrape.com//media/cache/80/2b/802b92421a7314b0a6afef8a9754cf5c.jpg,Â£31.69,3/5,54aeeb4610d3ae08,Â£0.00,In stock (3 available)
"Lamb: The Gospel According to Biff, Christ's Childhood Pal",https://books.toscrape.com//media/cache/c4/69/c469440eeffdd84ac3f4b09bd575c548.jpg,Â£55.50,5/5,190fbebbf798c31a,Â£0.00,In stock (3 available)
Holidays on Ice,https://books.toscrape.com//media/cache/57/4c/574cbab555bb7d21e50b20267383e45d.jpg,Â£51.07,2/5,0cb4856be3694a57,Â£0.00,In stock (3 available)
Security,https://books.toscrape.com//media/cache/79/2b/792bdeb2cf7d8efaef0e401e5a27b4da.jpg,Â£39.25,2/5,6f78a0d744c35456,Â£0.00,In stock (16 available)
Follow You Home,https://books.toscrape.com//media/cache/bb/c0/bbc0bdad3ad7f390017ea66bb7019579.jpg,Â£21.36,1/5,8585760646e3aa2a,Â£0.00,In stock (15 available)
The Loney,https://books.toscrape.com//media/cache/84/cc/84cc7f93a8c6c766a6297a23227e68e8.jpg,Â£23.40,1/5,2d88a31f325dfd3b,Â£0.00,In stock (14 available)
Pet Sematary,https://books.toscrape.com//media/cache/99/ef/99ef2f3987ee016bdd120a4579ef98f5.jpg,Â£10.56,3/5,af58a74e4b2a23a0,Â£0.00,In stock (14 available)
Doctor Sleep (The Shining #2),https://books.toscrape.com//media/cache/30/05/30053f9d8549febc67059c52fca65744.jpg,Â£40.12,2/5,bf5de316a5e9a4ab,Â£0.00,In stock (14 available)
Psycho: Sanitarium (Psycho #1.5),https://books.toscrape.com//media/cache/91/98/9198cedbd37561f2aa343d3eb04ee703.jpg,Â£36.97,5/5,b8d7b3f5c7a95d65,Â£0.00,In stock (12 available)
Can You Keep a Secret? (Fear Street Relaunch #4),https://books.toscrape.com//media/cache/03/83/0383a7f9cce4ab8fa1c5db6e69b169c6.jpg,Â£48.64,1/5,d069086944f2e330,Â£0.00,In stock (12 available)
Red Dragon (Hannibal Lecter #1),https://books.toscrape.com//media/cache/4a/ce/4acec5ebebf374e7a84a5d8c74ee5752.jpg,Â£23.37,3/5,e958ae92f328c181,Â£0.00,In stock (5 available)
Dracula the Un-Dead,https://books.toscrape.com//media/cache/b1/f2/b1f25fa4623b3ee2db6fb6d6e27c6fb5.jpg,Â£35.63,5/5,e46b1074b99ac4b6,Â£0.00,In stock (5 available)
Night Shift (Night Shift #1-20),https://books.toscrape.com//media/cache/b8/84/b8843e0c3fbadb1682b095c99eda7f7a.jpg,Â£12.75,4/5,869d20b3b8128230,Â£0.00,In stock (4 available)
Needful Things,https://books.toscrape.com//media/cache/d2/d8/d2d818d6654086560072fe1d42189636.jpg,Â£47.51,4/5,70b585c9d0f15725,Â£0.00,In stock (4 available)
Misery,https://books.toscrape.com//media/cache/cc/fb/ccfb8bb0f63377a67fb0a39d513f6cab.jpg,Â£34.79,2/5,81d4191030b9704b,Â£0.00,In stock (4 available)
It,https://books.toscrape.com//media/cache/f9/40/f9409b5717cc44f29aa444d85ad26bdc.jpg,Â£25.01,3/5,670a2773607d785d,Â£0.00,In stock (4 available)
'Salem's Lot,https://books.toscrape.com//media/cache/d3/55/d35568710e773adf06a0bc756a99f66d.jpg,Â£49.56,4/5,6e9403f00acd6752,Â£0.00,In stock (4 available)
The Stand,https://books.toscrape.com//media/cache/f9/8b/f98bdf42af5e223bc0f6ea6bd0a48a53.jpg,Â£57.86,2/5,49f24193f0b961e6,Â£0.00,In stock (3 available)
The Girl with All the Gifts,https://books.toscrape.com//media/cache/9a/91/9a911066cb404976bcc25dbc8817432a.jpg,Â£49.47,3/5,92dcc54a27107a37,Â£0.00,In stock (3 available)
House of Leaves,https://books.toscrape.com//media/cache/20/c2/20c2ff61355569b4f84e2f847e37db25.jpg,Â£54.89,1/5,557c03c284be1bf2,Â£0.00,In stock (3 available)
Sapiens: A Brief History of Humankind,https://books.toscrape.com//media/cache/ce/5f/ce5f052c65cc963cf4422be096e915c9.jpg,Â£54.23,5/5,4165285e1663650f,Â£0.00,In stock (20 available)
"Unbound: How Eight Technologies Made Us Human, Transformed Society, and Brought Our World to the Brink",https://books.toscrape.com//media/cache/27/a1/27a1ebe79d6e6759ec68ea9f427a4f71.jpg,Â£25.52,1/5,9a9d6e9bc555731e,Â£0.00,In stock (16 available)
The Age of Genius: The Seventeenth Century and the Birth of the Modern Mind,https://books.toscrape.com//media/cache/2e/65/2e654066306042f4c462ba4d048650d9.jpg,Â£19.73,1/5,a3d2a4250807f1e9,Â£0.00,In stock (16 available)
"Political Suicide: Missteps, Peccadilloes, Bad Calls, Backroom Hijinx, Sordid Pasts, Rotten Breaks, and Just Plain Dumb Mistakes in the Annals of American Politics",https://books.toscrape.com//media/cache/31/e6/31e6e0a41e62858180b268c27b20a770.jpg,Â£36.28,2/5,7392c0032f92d816,Â£0.00,In stock (16 available)
Thomas Jefferson and the Tripoli Pirates: The Forgotten War That Changed American History,https://books.toscrape.com//media/cache/77/79/777988a85de2269905bd8c2070a3cf58.jpg,Â£59.64,1/5,de3f25248ba0789f,Â£0.00,In stock (15 available)
Zealot: The Life and Times of Jesus of Nazareth,https://books.toscrape.com//media/cache/21/da/21dab5c065cfcde1bad7ded16a753102.jpg,Â£24.70,3/5,dd5bfa6cc2c0ecc3,Â£0.00,In stock (14 available)
A Distant Mirror: The Calamitous 14th Century,https://books.toscrape.com//media/cache/d8/0a/d80ac19cd0aef94c5ac257b1eb3c1d37.jpg,Â£14.58,3/5,d5e0526e1ab682a3,Â£0.00,In stock (14 available)
1491: New Revelations of the Americas Before Columbus,https://books.toscrape.com//media/cache/2d/d2/2dd235d80326531092c70e191d630c7d.jpg,Â£21.80,3/5,6e8e5626ac4d279e,Â£0.00,In stock (14 available)
Brilliant Beacons: A History of the American Lighthouse,https://books.toscrape.com//media/cache/ba/59/ba5913de7abe0d9dbe9c8128092a52af.jpg,Â£11.45,3/5,7f5157bf53065d36,Â£0.00,In stock (8 available)
"""Most Blessed of the Patriarchs"": Thomas Jefferson and the Empire of the Imagination",https://books.toscrape.com//media/cache/43/f2/43f25e9633b587a4052b517cd7b3b4a9.jpg,Â£44.48,5/5,f16c2edb2a603f92,Â£0.00,In stock (8 available)
A Short History of Nearly Everything,https://books.toscrape.com//media/cache/17/aa/17aa3d17bae02fa1d0e2a831c0c0e58b.jpg,Â£52.40,5/5,6c7fa6844380f50a,Â£0.00,In stock (7 available)
The Rise and Fall of the Third Reich: A History of Nazi Germany,https://books.toscrape.com//media/cache/10/f6/10f6ebfa89b070ba39ad7c4c872c96ea.jpg,Â£39.67,2/5,774fa432bd7d9c47,Â£0.00,In stock (6 available)
Catherine the Great: Portrait of a Woman,https://books.toscrape.com//media/cache/37/3a/373af6af58a00ca69602d74b81951ac4.jpg,Â£58.55,4/5,f3c70d296ec796c4,Â£0.00,In stock (6 available)
The Mathews Men: Seven Brothers and the War Against Hitler's U-boats,https://books.toscrape.com//media/cache/52/74/5274c64fbcb7ce4bbf427ed751f6cada.jpg,Â£42.91,5/5,0d210d2448c3018f,Â£0.00,In stock (5 available)
The Hiding Place,https://books.toscrape.com//media/cache/74/92/74927818a922712c13999a8043f7f35c.jpg,Â£55.91,4/5,c4589ee5977a47be,Â£0.00,In stock (5 available)
America's War for the Greater Middle East: A Military History,https://books.toscrape.com//media/cache/da/0c/da0ca0d6586f8164b7a96d4c807a6c7f.jpg,Â£51.22,2/5,add33db6ff80db24,Â£0.00,In stock (5 available)
The Guns of August,https://books.toscrape.com//media/cache/ca/23/ca23598be538026a7898232e8a1079d0.jpg,Â£14.54,2/5,b5da59dd177eb36b,Â£0.00,In stock (3 available)
"House of Lost Worlds: Dinosaurs, Dynasties, and the Story of Life on Earth",https://books.toscrape.com//media/cache/f5/b7/f5b783f6cfdfe30895d912f9e337bb22.jpg,Â£43.70,2/5,1812b8f5641287e3,Â£0.00,In stock (3 available)
"Foolproof Preserving: A Guide to Small Batch Jams, Jellies, Pickles, Condiments, and More: A Foolproof Guide to Making Small Batch Jams, Jellies, Pickles, Condiments, and More",https://books.toscrape.com//media/cache/9f/58/9f58d3ff6d58589eaf325b1a33c303a0.jpg,Â£30.52,3/5,5674a18a29a43ced,Â£0.00,In stock (19 available)
"The Pioneer Woman Cooks: Dinnertime: Comfort Classics, Freezer Food, 16-Minute Meals, and Other Delicious Ways to Solve Supper!",https://books.toscrape.com//media/cache/fd/af/fdaf3c3104c559941c01e840fecd2659.jpg,Â£56.41,1/5,142d767a56a9254d,Â£0.00,In stock (16 available)
My Paris Kitchen: Recipes and Stories,https://books.toscrape.com//media/cache/ae/d5/aed548aefcac7803a599b05da3acb86e.jpg,Â£33.37,2/5,784bc2279baa878d,Â£0.00,In stock (16 available)
"Mama Tried: Traditional Italian Cooking for the Screwed, Crude, Vegan, and Tattooed",https://books.toscrape.com//media/cache/48/19/48192cbef9101060e3787d87d7c8d7d1.jpg,Â£14.02,4/5,72f9d5be3472d34e,Â£0.00,In stock (16 available)
"Layered: Baking, Building, and Styling Spectacular Cakes",https://books.toscrape.com//media/cache/73/06/7306b860c7887dfb2a4b0083e2d6bf0d.jpg,Â£40.11,1/5,7b75cc7f223791f4,Â£0.00,In stock (16 available)
The Nerdy Nummies Cookbook: Sweet Treats for the Geek in All of Us,https://books.toscrape.com//media/cache/41/57/4157492623f9552e3efdc858a19968f3.jpg,Â£37.34,5/5,e4c7f3487d17fd42,Â£0.00,In stock (15 available)
The Love and Lemons Cookbook: An Apple-to-Zucchini Celebration of Impromptu Cooking,https://books.toscrape.com//media/cache/88/e7/88e70e44632c3ca306191007bc723806.jpg,Â£37.60,2/5,e28e330cbdf01126,Â£0.00,In stock (15 available)
The Cookies & Cups Cookbook: 125+ sweet & savory recipes reminding you to Always Eat Dessert First,https://books.toscrape.com//media/cache/81/37/81374b88e925ba998c4049abcf805196.jpg,Â£41.25,1/5,96a38e7c813d8f1d,Â£0.00,In stock (15 available)
"Deliciously Ella Every Day: Quick and Easy Recipes for Gluten-Free Snacks, Packed Lunches, and Simple Meals",https://books.toscrape.com//media/cache/38/c3/38c342d52a30a8eb38b34668e9777222.jpg,Â£42.16,3/5,46c1530d7546ea6d,Â£0.00,In stock (15 available)
The Help Yourself Cookbook for Kids: 60 Easy Plant-Based Recipes Kids Can Make to Stay Healthy and Save the Earth,https://books.toscrape.com//media/cache/bc/eb/bceb609c54f7739682b319a27a5b9783.jpg,Â£28.77,3/5,ddc8340dabc8641b,Â£0.00,In stock (14 available)
"It's All Easy: Healthy, Delicious Weeknight Meals in under 30 Minutes",https://books.toscrape.com//media/cache/38/08/380869ceca4ab70f8620b02187bdf60a.jpg,Â£19.55,1/5,245e6bf08b8d2955,Â£0.00,In stock (14 available)
Barefoot Contessa Back to Basics,https://books.toscrape.com//media/cache/29/b1/29b1f537504f37527f1bf8182559684e.jpg,Â£28.01,1/5,999912e63a3262ae,Â£0.00,In stock (14 available)
Barefoot Contessa at Home: Everyday Recipes You'll Make Over and Over Again,https://books.toscrape.com//media/cache/4e/92/4e92fef6b2d96fb732480c484dcb1a98.jpg,Â£50.62,5/5,0e0da9192a025efc,Â£0.00,In stock (14 available)
My Kitchen Year: 136 Recipes That Saved My Life,https://books.toscrape.com//media/cache/70/48/7048787b6fdc04627217bf39465acb7e.jpg,Â£11.53,2/5,8bbd7df8a324f31d,Â£0.00,In stock (13 available)
Everyday Italian: 125 Simple and Delicious Recipes,https://books.toscrape.com//media/cache/4e/eb/4eebc29c9f3885800e6ae2c62c836145.jpg,Â£20.10,5/5,76319fe9d8b465a3,Â£0.00,In stock (12 available)
"A la Mode: 120 Recipes in 60 Pairings: Pies, Tarts, Cakes, Crisps, and More Topped with Ice Cream, Gelato, Frozen Custard, and More",https://books.toscrape.com//media/cache/f4/9c/f49c0d70aedc01b5eb0988d35c77550c.jpg,Â£38.77,1/5,a4eef523118805ef,Â£0.00,In stock (12 available)
Cravings: Recipes for What You Want to Eat,https://books.toscrape.com//media/cache/7d/b4/7db4a7faaa0ea5134cabbb517bdd6cc7.jpg,Â£20.50,3/5,2587c54f5530dafc,Â£0.00,In stock (11 available)
"The Moosewood Cookbook: Recipes from Moosewood Restaurant, Ithaca, New York",https://books.toscrape.com//media/cache/c1/87/c187a9eb27d932f862ac06beec15c24c.jpg,Â£12.34,4/5,65cfc9f242c2984a,Â£0.00,In stock (9 available)
32 Yolks,https://books.toscrape.com//media/cache/76/03/76038c9e795babed29d370097247c9a6.jpg,Â£53.63,2/5,b1a227b7609ff263,Â£0.00,In stock (8 available)
"Naturally Lean: 125 Nourishing Gluten-Free, Plant-Based Recipes--All Under 300 Calories",https://books.toscrape.com//media/cache/5b/46/5b466903acc905deb89019c0407848c4.jpg,Â£11.38,5/5,924438fc6cbec836,Â£0.00,In stock (7 available)
Redeeming Love,https://books.toscrape.com//media/cache/c9/74/c974d74fa0bd1735c6ae172d40b1c077.jpg,Â£20.47,5/5,b53db2271c9624f7,Â£0.00,In stock (15 available)
Close to You,https://books.toscrape.com//media/cache/94/f4/94f4405dae04559ecdd92e62486623e3.jpg,Â£49.46,4/5,a57b1dcbd6849222,Â£0.00,In stock (15 available)
Shadows of the Past (Logan Point #1),https://books.toscrape.com//media/cache/61/3a/613ac19c2232f1d9adc5943291a5e860.jpg,Â£39.67,5/5,bee6e93e9976f4fa,Â£0.00,In stock (8 available)
Like Never Before (Walker Family #2),https://books.toscrape.com//media/cache/1b/38/1b3825668326e82038ba33bca646e0f3.jpg,Â£28.77,2/5,b6670507e85b30e6,Â£0.00,In stock (7 available)
Counted With the Stars (Out from Egypt #1),https://books.toscrape.com//media/cache/33/93/339372341b88e027734e97fa1ddb26fc.jpg,Â£17.97,5/5,4807043b8218e9ce,Â£0.00,In stock (7 available)
If I Run (If I Run #1),https://books.toscrape.com//media/cache/54/17/54179d9af49616b1ef35a0bb23294b14.jpg,Â£49.97,4/5,61569d12d4ae7161,Â£0.00,In stock (3 available)
The Dirty Little Secrets of Getting Your Dream Job,https://books.toscrape.com//media/cache/e1/1b/e11bea016d0ae1d7e2dd46fb3cb870b7.jpg,Â£33.34,4/5,2597b5a345f45e1b,Â£0.00,In stock (19 available)
The Third Wave: An Entrepreneurâs Vision of the Future,https://books.toscrape.com//media/cache/0f/76/0f76b00ea914ced1822d8ac3480c485f.jpg,Â£12.61,5/5,3bebf34ee9330cbd,Â£0.00,In stock (15 available)
The 10% Entrepreneur: Live Your Startup Dream Without Quitting Your Day Job,https://books.toscrape.com//media/cache/50/4b/504b1891508614ff9393563f69d66c95.jpg,Â£27.55,3/5,56e4f9eab2e8e674,Â£0.00,In stock (15 available)
Shoe Dog: A Memoir by the Creator of NIKE,https://books.toscrape.com//media/cache/fc/21/fc21d144c7289e5b1cb133e01a925126.jpg,Â£23.99,2/5,0e0dcc3339602b28,Â£0.00,In stock (15 available)
Made to Stick: Why Some Ideas Survive and Others Die,https://books.toscrape.com//media/cache/1e/3e/1e3e1572e17ade03b21c44617fbc4d68.jpg,Â£38.85,5/5,b96fc7a0ea7d4b45,Â£0.00,In stock (14 available)
Quench Your Own Thirst: Business Lessons Learned Over a Beer or Two,https://books.toscrape.com//media/cache/fe/1a/fe1afbd5caf79c3c957bfc5cf46f141e.jpg,Â£43.14,1/5,8976d9161c027142,Â£0.00,In stock (12 available)
The Art of Startup Fundraising,https://books.toscrape.com//media/cache/67/e8/67e81a7a82578a919a48816330836090.jpg,Â£21.00,3/5,1c584f82a7a1c4f0,Â£0.00,In stock (11 available)
Born for This: How to Find the Work You Were Meant to Do,https://books.toscrape.com//media/cache/9f/e7/9fe7f6432f216b166cb36f16130f20f6.jpg,Â£21.59,5/5,816180220e8cb419,Â£0.00,In stock (11 available)
The E-Myth Revisited: Why Most Small Businesses Don't Work and What to Do About It,https://books.toscrape.com//media/cache/a5/7e/a57ef7bdbaf704fca07ab6dd125b54f9.jpg,Â£36.91,1/5,a2308a936e898d48,Â£0.00,In stock (8 available)
"Rich Dad, Poor Dad",https://books.toscrape.com//media/cache/46/1c/461cf454be3aac0b4cd066247c892679.jpg,Â£51.74,1/5,8486f61aa81a3daa,Â£0.00,In stock (7 available)
The Lean Startup: How Today's Entrepreneurs Use Continuous Innovation to Create Radically Successful Businesses,https://books.toscrape.com//media/cache/52/6e/526e9f360da288db64ca70c89cdbcaa9.jpg,Â£33.92,3/5,70c7c3ca7f9b2728,Â£0.00,In stock (3 available)
Rework,https://books.toscrape.com//media/cache/12/23/12233a9d0bf8187a988c27c6a54b3d31.jpg,Â£44.88,2/5,8e9dd8431170c09e,Â£0.00,In stock (3 available)
Louisa: The Extraordinary Life of Mrs. Adams,https://books.toscrape.com//media/cache/ec/2a/ec2a7df6fdafc7e6f97b6c6da7980584.jpg,Â£16.85,2/5,d69dd8dac66f9f84,Â£0.00,In stock (15 available)
"Setting the World on Fire: The Brief, Astonishing Life of St. Catherine of Siena",https://books.toscrape.com//media/cache/86/54/86546f67cb4a3112b15b03a4ec2e7255.jpg,Â£21.15,2/5,b06599b108e83f98,Â£0.00,In stock (11 available)
The Faith of Christopher Hitchens: The Restless Soul of the World's Most Notorious Atheist,https://books.toscrape.com//media/cache/d7/cb/d7cbdb36b54398ba3876488726befc3d.jpg,Â£39.55,1/5,57f85720e54d6442,Â£0.00,In stock (7 available)
Benjamin Franklin: An American Life,https://books.toscrape.com//media/cache/c2/7e/c27efce6a2321c10b0d34035308ace37.jpg,Â£48.19,3/5,5b546a46a86a9d8c,Â£0.00,In stock (7 available)
The Rise of Theodore Roosevelt (Theodore Roosevelt #1),https://books.toscrape.com//media/cache/4c/09/4c090b85892f532210e44d84b752b64d.jpg,Â£42.57,3/5,1a5044d233936b1a,Â£0.00,In stock (3 available)
In Her Wake,https://books.toscrape.com//media/cache/27/92/2792ef951651ff1eae40a410cac41e0f.jpg,Â£12.84,1/5,23356462d1320d61,Â£0.00,In stock (19 available)
The Elephant Tree,https://books.toscrape.com//media/cache/4b/80/4b80a3d9148e224ed4d6cd4d33f43728.jpg,Â£23.82,5/5,5dada2b7be26bd03,Â£0.00,In stock (18 available)
Behind Closed Doors,https://books.toscrape.com//media/cache/a5/85/a58571db229f2e8f75ea38861eca7f39.jpg,Â£52.22,4/5,be5cc846f45496fb,Â£0.00,In stock (18 available)
You (You #1),https://books.toscrape.com//media/cache/f2/f1/f2f19169771a8a8e1a4b72f22e799de8.jpg,Â£43.61,5/5,024387ca4cafd5cc,Â£0.00,In stock (14 available)
The Guilty (Will Robie #4),https://books.toscrape.com//media/cache/7f/fd/7ffdc9c4b7bf965990c59460da9b66b7.jpg,Â£13.82,2/5,847935fc68707426,Â£0.00,In stock (14 available)
The 14th Colony (Cotton Malone #11),https://books.toscrape.com//media/cache/5b/3e/5b3e36ce7c82e9dd8b416a23531c0121.jpg,Â£39.24,1/5,1b8187fa4bf6ab05,Â£0.00,In stock (14 available)
Give It Back,https://books.toscrape.com//media/cache/15/d4/15d444bf7fc91c7ced84e73ec99d711d.jpg,Â£18.32,2/5,012170e4fc87ace0,Â£0.00,In stock (6 available)
Killing Floor (Jack Reacher #1),https://books.toscrape.com//media/cache/b1/5b/b15b4c864b762133cdaf69b58ba55d76.jpg,Â£31.49,4/5,8dde2ff3f6fcc0a3,Â£0.00,In stock (5 available)
The Bone Hunters (Lexy Vaughan & Steven Macaulay #2),https://books.toscrape.com//media/cache/8d/1f/8d1f11673fbe46f47f27b9a4c8efbf8a.jpg,Â£59.71,3/5,9c4d061c1e2fe6bf,Â£0.00,In stock (4 available)
Far From True (Promise Falls Trilogy #2),https://books.toscrape.com//media/cache/9c/aa/9caacda3ff43984447ee22712e7e9ca9.jpg,Â£34.93,2/5,ad15a9a139919918,Â£0.00,In stock (4 available)
The Travelers,https://books.toscrape.com//media/cache/42/a3/42a345bdcb3e13d5922ff79cd1c07d0e.jpg,Â£15.77,1/5,2b685187f55c5d31,Â£0.00,In stock (3 available)
When We Collided,https://books.toscrape.com//media/cache/17/db/17db3de71e8217d4277a9328b04f56cf.jpg,Â£31.77,1/5,3ecb690d1542c568,Â£0.00,In stock (16 available)
Someone Like You (The Harrisons #2),https://books.toscrape.com//media/cache/03/67/03672d82cd257167775d88568d2cce38.jpg,Â£52.79,5/5,a278db6b2b09cf9f,Â£0.00,In stock (14 available)
We Are All Completely Beside Ourselves,https://books.toscrape.com//media/cache/8d/95/8d95f4fd1ea785555a28d6371444ce6d.jpg,Â£24.04,1/5,be3db344a845580b,Â£0.00,In stock (3 available)
The Four Agreements: A Practical Guide to Personal Freedom,https://books.toscrape.com//media/cache/2b/1b/2b1bfecae9d512cb6ee943ccf786216f.jpg,Â£17.66,5/5,6258a1f6a6dcfe50,Â£0.00,In stock (18 available)
The Activist's Tao Te Ching: Ancient Advice for a Modern Revolution,https://books.toscrape.com//media/cache/da/0c/da0ca35421a5120b2109028e44a53f56.jpg,Â£32.24,5/5,7d6d2a6c0276f81b,Â£0.00,In stock (16 available)
Chasing Heaven: What Dying Taught Me About Living,https://books.toscrape.com//media/cache/87/cd/87cd2aa5c4e38244ffcb17b84b0f6efd.jpg,Â£37.80,2/5,513271dadc1322ae,Â£0.00,In stock (15 available)
If I Gave You God's Phone Number....: Searching for Spirituality in America,https://books.toscrape.com//media/cache/91/1a/911a12f954fc65fc4cc0e8a8f8b30750.jpg,Â£20.91,1/5,8fab4c4f6f82a4ce,Â£0.00,In stock (9 available)
Unreasonable Hope: Finding Faith in the God Who Brings Purpose to Your Pain,https://books.toscrape.com//media/cache/80/43/804385d2b49e2f9e26a7d88b8ccaf62d.jpg,Â£46.33,2/5,48cb52d78c992487,Â£0.00,In stock (7 available)
A New Earth: Awakening to Your Life's Purpose,https://books.toscrape.com//media/cache/13/1b/131bca3895aa2892f400020cd939cd42.jpg,Â£55.65,5/5,f6ae39568db1130e,Â£0.00,In stock (4 available)
Logan Kade (Fallen Crest High #5.5),https://books.toscrape.com//media/cache/2b/44/2b4404e00c242bf1b8263bdd99c07354.jpg,Â£13.12,2/5,7093cf549cd2e7de,Â£0.00,In stock (5 available)
Online Marketing for Busy Authors: A Step-By-Step Guide,https://books.toscrape.com//media/cache/49/e1/49e1f207b2149e34390a2c6aa7cfc113.jpg,Â£46.35,1/5,9ffa38d3b832433a,Â£0.00,In stock (16 available)
How to Be Miserable: 40 Strategies You Already Use,https://books.toscrape.com//media/cache/b0/9d/b09d7cb6aa8ae112dd457e588762d293.jpg,Â£46.03,1/5,a6f99b9e687f9d46,Â£0.00,In stock (16 available)
"Overload: How to Unplug, Unwind, and Unleash Yourself from the Pressure of Stress",https://books.toscrape.com//media/cache/7f/6b/7f6bfd0fc24b974b4d7721899e93aa2c.jpg,Â£52.15,3/5,8ecf0356a3878811,Â£0.00,In stock (14 available)
You Are a Badass: How to Stop Doubting Your Greatness and Start Living an Awesome Life,https://books.toscrape.com//media/cache/73/7e/737e4921bc14d72245aad1f21d7a3eef.jpg,Â£12.08,3/5,88ec621893e595d0,Â£0.00,In stock (7 available)
How to Stop Worrying and Start Living,https://books.toscrape.com//media/cache/64/0c/640cfc86cd3943cef402dc6082497eec.jpg,Â£46.49,5/5,e792c0969cefe1b8,Â£0.00,In stock (6 available)
All the Light We Cannot See,https://books.toscrape.com//media/cache/a6/96/a696c1d6bb1ff8f65f51a116160b2aef.jpg,Â£29.87,5/5,39861fc1c0845d15,Â£0.00,In stock (14 available)
The Girl You Left Behind (The Girl You Left Behind #1),https://books.toscrape.com//media/cache/6d/72/6d72120f94d38e356612c8a78e82a53d.jpg,Â£15.79,1/5,eb7459e0c570251d,Â£0.00,In stock (6 available)
(Un)Qualified: How God Uses Broken People to Do Big Things,https://books.toscrape.com//media/cache/e4/f8/e4f8c1c5954e09cb6c485d9db824eeb1.jpg,Â£54.00,5/5,e4ac92d89b946781,Â£0.00,In stock (16 available)
Crazy Love: Overwhelmed by a Relentless God,https://books.toscrape.com//media/cache/5d/34/5d344393618369df3f560e018b1d9853.jpg,Â£47.72,2/5,4b9d9cfe0f435788,Â£0.00,In stock (14 available)
Blue Like Jazz: Nonreligious Thoughts on Christian Spirituality,https://books.toscrape.com//media/cache/98/4a/984ab50781e05461a753923eaba33e58.jpg,Â£25.77,1/5,a322361a37a78d3d,Â£0.00,In stock (7 available)
Silence in the Dark (Logan Point #4),https://books.toscrape.com//media/cache/00/bf/00bf1ae17dde21c66e346dd9c393d6fa.jpg,Â£58.33,3/5,e46a164cf310fd7d,Â£0.00,In stock (8 available)
The Grownup,https://books.toscrape.com//media/cache/7e/cc/7ecc23cfaa84fb015a5333f2a5d97f23.jpg,Â£35.88,1/5,1bba4b1ba23ed2d6,Â£0.00,In stock (8 available)
Suzie Snowflake: One beautiful flake (a self-esteem story),https://books.toscrape.com//media/cache/59/13/5913f74507084d0cd47e2b73fd806f9e.jpg,Â£54.81,5/5,0e095ed785af7e43,Â£0.00,In stock (9 available)
"The Bulletproof Diet: Lose up to a Pound a Day, Reclaim Energy and Focus, Upgrade Your Life",https://books.toscrape.com//media/cache/9c/c6/9cc673854af8fd155953384b3cac334e.jpg,Â£49.05,3/5,43c6a960757cf559,Â£0.00,In stock (16 available)
"Eat Fat, Get Thin",https://books.toscrape.com//media/cache/a7/6b/a76b04d5de0b2f8f038c9ac27f4d2a42.jpg,Â£54.07,2/5,047dfa57ba0bf638,Â£0.00,In stock (14 available)
10-Day Green Smoothie Cleanse: Lose Up to 15 Pounds in 10 Days!,https://books.toscrape.com//media/cache/79/84/7984ef7c568a60372f430c1ddae64034.jpg,Â£49.71,5/5,96aa539bfd4c07e2,Â£0.00,In stock (10 available)
The Art and Science of Low Carbohydrate Living,https://books.toscrape.com//media/cache/82/f3/82f3b865f19faad855ec359f86415f79.jpg,Â£52.98,5/5,f9c87ccb2bc4853b,Â£0.00,In stock (9 available)
Libertarianism for Beginners,https://books.toscrape.com//media/cache/91/a4/91a46253e165d144ef5938f2d456b88f.jpg,Â£51.33,2/5,a18a4f574854aced,Â£0.00,In stock (19 available)
Why the Right Went Wrong: Conservatism--From Goldwater to the Tea Party and Beyond,https://books.toscrape.com//media/cache/cd/64/cd64ccda3382d62fea8167eaadd6c9a0.jpg,Â£52.65,4/5,2b5054a4192e9b06,Â£0.00,In stock (14 available)
Equal Is Unfair: America's Misguided Fight Against Income Inequality,https://books.toscrape.com//media/cache/a6/3b/a63b2576d798c2041c602561499a26aa.jpg,Â£56.86,1/5,3968e3fbf4695d7c,Â£0.00,In stock (12 available)
Amid the Chaos,https://books.toscrape.com//media/cache/8a/94/8a94b2ba501119af0d3520b94daf8c20.jpg,Â£36.58,1/5,bb8245f52c7cce8f,Â£0.00,In stock (15 available)
Dark Notes,https://books.toscrape.com//media/cache/1c/88/1c8807c42be085f3b061fe63f62a3c39.jpg,Â£19.19,5/5,88c21fcd38e2486e,Â£0.00,In stock (15 available)
The Long Shadow of Small Ghosts: Murder and Memory in an American City,https://books.toscrape.com//media/cache/2b/50/2b50fa031b2411a94bc68de0bbdd96fb.jpg,Â£10.97,1/5,abeafe151a587d3b,Â£0.00,In stock (15 available)
